"Problem","Package","File","Priority","Line","Description","Rule set","Rule"
"1","com.geekq.admin.entity","C:\MetricsTest\miaosha-master\miaosha-admin\miaosha-admin-api\src\main\java\com\geekq\admin\entity\IpLog.java","4","39","Unnecessary qualifier 'IpLog': 'LOGINSTATE_FAILD' is already in scope because it is declared in an enclosing type","Code Style","UnnecessaryFullyQualifiedName"
"1","com.geekq.admin.pojo","C:\MetricsTest\miaosha-master\miaosha-admin\miaosha-admin-api\src\main\java\com\geekq\admin\pojo\OrdersExample.java","3","49","Substitute calls to size() == 0 (or size() != 0, size() > 0, size() < 1) with calls to isEmpty()","Best Practices","UseCollectionIsEmpty"
"2","com.geekq.admin.pojo","C:\MetricsTest\miaosha-master\miaosha-admin\miaosha-admin-api\src\main\java\com\geekq\admin\pojo\OrdersExample.java","3","56","Consider simply returning the value vs storing it in local variable 'criteria'","Code Style","UnnecessaryLocalBeforeReturn"
"3","com.geekq.admin.pojo","C:\MetricsTest\miaosha-master\miaosha-admin\miaosha-admin-api\src\main\java\com\geekq\admin\pojo\OrdersExample.java","3","75","Substitute calls to size() == 0 (or size() != 0, size() > 0, size() < 1) with calls to isEmpty()","Best Practices","UseCollectionIsEmpty"
"1","com.geekq.admin.query","C:\MetricsTest\miaosha-master\miaosha-admin\miaosha-admin-api\src\main\java\com\geekq\admin\query\PageResult.java","3","13","Document empty constructor","Documentation","UncommentedEmptyConstructor"
"1","com.geekq.admin.service","C:\MetricsTest\miaosha-master\miaosha-admin\miaosha-admin-api\src\main\java\com\geekq\admin\service\OrdersService.java","3","10","Unnecessary modifier 'public' on method 'getOrder': the method is declared in an interface type","Code Style","UnnecessaryModifier"
"2","com.geekq.admin.service","C:\MetricsTest\miaosha-master\miaosha-admin\miaosha-admin-api\src\main\java\com\geekq\admin\service\OrdersService.java","3","15","Unnecessary modifier 'public' on method 'createOrder': the method is declared in an interface type","Code Style","UnnecessaryModifier"
"1","com.geekq.common.enums","C:\MetricsTest\miaosha-master\miaosha-admin\miaosha-admin-common\src\main\java\com\geekq\common\enums\MessageStatus.java","1","10","The enum name 'messageType' doesn't match '[A-Z][a-zA-Z0-9]*'","Code Style","ClassNamingConventions"
"2","com.geekq.common.enums","C:\MetricsTest\miaosha-master\miaosha-admin\miaosha-admin-common\src\main\java\com\geekq\common\enums\MessageStatus.java","3","16","Unnecessary modifier 'private' on constructor 'messageType(String)': enum constructors are implicitly private","Code Style","UnnecessaryModifier"
"3","com.geekq.common.enums","C:\MetricsTest\miaosha-master\miaosha-admin\miaosha-admin-common\src\main\java\com\geekq\common\enums\MessageStatus.java","3","36","Unnecessary modifier 'private' on constructor 'ContentEnum(int, String)': enum constructors are implicitly private","Code Style","UnnecessaryModifier"
"4","com.geekq.common.enums","C:\MetricsTest\miaosha-master\miaosha-admin\miaosha-admin-common\src\main\java\com\geekq\common\enums\MessageStatus.java","1","53","The enum name 'sendType' doesn't match '[A-Z][a-zA-Z0-9]*'","Code Style","ClassNamingConventions"
"1","com.geekq.common.enums","C:\MetricsTest\miaosha-master\miaosha-admin\miaosha-admin-common\src\main\java\com\geekq\common\enums\OrderStatusEnum.java","4","24","Unnecessary qualifier 'OrderStatusEnum': 'values' is already in scope","Code Style","UnnecessaryFullyQualifiedName"
"1","com.geekq.common.enums","C:\MetricsTest\miaosha-master\miaosha-admin\miaosha-admin-common\src\main\java\com\geekq\common\enums\ResultStatus.java","3","71","Unnecessary modifier 'private' on constructor 'ResultStatus(int, String)': enum constructors are implicitly private","Code Style","UnnecessaryModifier"
"2","com.geekq.common.enums","C:\MetricsTest\miaosha-master\miaosha-admin\miaosha-admin-common\src\main\java\com\geekq\common\enums\ResultStatus.java","3","76","Unnecessary modifier 'private' on constructor 'ResultStatus(Object[])': enum constructors are implicitly private","Code Style","UnnecessaryModifier"
"3","com.geekq.common.enums","C:\MetricsTest\miaosha-master\miaosha-admin\miaosha-admin-common\src\main\java\com\geekq\common\enums\ResultStatus.java","3","104","The method 'toString()' is missing an @Override annotation.","Best Practices","MissingOverride"
"1","com.geekq.common.utils","C:\MetricsTest\miaosha-master\miaosha-admin\miaosha-admin-common\src\main\java\com\geekq\common\utils\Constanst.java","1","9","The enum name 'orderStaus' doesn't match '[A-Z][a-zA-Z0-9]*'","Code Style","ClassNamingConventions"
"1","com.geekq.common.utils","C:\MetricsTest\miaosha-master\miaosha-admin\miaosha-admin-common\src\main\java\com\geekq\common\utils\DBContextUtil.java","3","3","This utility class has a non-private constructor","Design","UseUtilityClass"
"1","com.geekq.common.utils","C:\MetricsTest\miaosha-master\miaosha-admin\miaosha-admin-common\src\main\java\com\geekq\common\utils\DateUtil.java","3","9","This utility class has a non-private constructor","Design","UseUtilityClass"
"1","com.geekq.common.utils","C:\MetricsTest\miaosha-master\miaosha-admin\miaosha-admin-common\src\main\java\com\geekq\common\utils\JsonUtils.java","3","12","This utility class has a non-private constructor","Design","UseUtilityClass"
"2","com.geekq.common.utils","C:\MetricsTest\miaosha-master\miaosha-admin\miaosha-admin-common\src\main\java\com\geekq\common\utils\JsonUtils.java","3","27","Consider simply returning the value vs storing it in local variable 'string'","Code Style","UnnecessaryLocalBeforeReturn"
"3","com.geekq.common.utils","C:\MetricsTest\miaosha-master\miaosha-admin\miaosha-admin-common\src\main\java\com\geekq\common\utils\JsonUtils.java","3","44","Consider simply returning the value vs storing it in local variable 't'","Code Style","UnnecessaryLocalBeforeReturn"
"4","com.geekq.common.utils","C:\MetricsTest\miaosha-master\miaosha-admin\miaosha-admin-common\src\main\java\com\geekq\common\utils\JsonUtils.java","3","64","Consider simply returning the value vs storing it in local variable 'list'","Code Style","UnnecessaryLocalBeforeReturn"
"5","com.geekq.common.utils","C:\MetricsTest\miaosha-master\miaosha-admin\miaosha-admin-common\src\main\java\com\geekq\common\utils\JsonUtils.java","1","70","Return an empty collection rather than null.","Error Prone","ReturnEmptyCollectionRatherThanNull"
"1","com.geekq.common.utils","C:\MetricsTest\miaosha-master\miaosha-admin\miaosha-admin-common\src\main\java\com\geekq\common\utils\SnowflakeIdWorker.java","3","21","This final field could be made static","Design","FinalFieldCouldBeStatic"
"2","com.geekq.common.utils","C:\MetricsTest\miaosha-master\miaosha-admin\miaosha-admin-common\src\main\java\com\geekq\common\utils\SnowflakeIdWorker.java","3","26","This final field could be made static","Design","FinalFieldCouldBeStatic"
"3","com.geekq.common.utils","C:\MetricsTest\miaosha-master\miaosha-admin\miaosha-admin-common\src\main\java\com\geekq\common\utils\SnowflakeIdWorker.java","3","31","This final field could be made static","Design","FinalFieldCouldBeStatic"
"4","com.geekq.common.utils","C:\MetricsTest\miaosha-master\miaosha-admin\miaosha-admin-common\src\main\java\com\geekq\common\utils\SnowflakeIdWorker.java","3","46","This final field could be made static","Design","FinalFieldCouldBeStatic"
"1","com.geekq.common.utils","C:\MetricsTest\miaosha-master\miaosha-admin\miaosha-admin-common\src\main\java\com\geekq\common\utils\ValidatorUtil.java","3","8","This utility class has a non-private constructor","Design","UseUtilityClass"
"1","com.geekq.common.utils.md5","C:\MetricsTest\miaosha-master\miaosha-admin\miaosha-admin-common\src\main\java\com\geekq\common\utils\md5\MD5Utils.java","3","11","This utility class has a non-private constructor","Design","UseUtilityClass"
"2","com.geekq.common.utils.md5","C:\MetricsTest\miaosha-master\miaosha-admin\miaosha-admin-common\src\main\java\com\geekq\common\utils\md5\MD5Utils.java","3","20","Consider simply returning the value vs storing it in local variable 'salt'","Code Style","UnnecessaryLocalBeforeReturn"
"3","com.geekq.common.utils.md5","C:\MetricsTest\miaosha-master\miaosha-admin\miaosha-admin-common\src\main\java\com\geekq\common\utils\md5\MD5Utils.java","1","24","The static method name 'MD5' doesn't match '[a-z][a-zA-Z0-9]*'","Code Style","MethodNamingConventions"
"1","com.geekq.common.utils.numcal","C:\MetricsTest\miaosha-master\miaosha-admin\miaosha-admin-common\src\main\java\com\geekq\common\utils\numcal\BitStatesUtils.java","3","8","This utility class has a non-private constructor","Design","UseUtilityClass"
"2","com.geekq.common.utils.numcal","C:\MetricsTest\miaosha-master\miaosha-admin\miaosha-admin-common\src\main\java\com\geekq\common\utils\numcal\BitStatesUtils.java","4","35","Useless parentheses.","Code Style","UselessParentheses"
"1","com.geekq.common.utils.numcal","C:\MetricsTest\miaosha-master\miaosha-admin\miaosha-admin-common\src\main\java\com\geekq\common\utils\numcal\CalculateUtil.java","3","10","This utility class has a non-private constructor","Design","UseUtilityClass"
"2","com.geekq.common.utils.numcal","C:\MetricsTest\miaosha-master\miaosha-admin\miaosha-admin-common\src\main\java\com\geekq\common\utils\numcal\CalculateUtil.java","3","21","This statement should have braces","Code Style","ControlStatementBraces"
"3","com.geekq.common.utils.numcal","C:\MetricsTest\miaosha-master\miaosha-admin\miaosha-admin-common\src\main\java\com\geekq\common\utils\numcal\CalculateUtil.java","4","46","Useless parentheses.","Code Style","UselessParentheses"
"4","com.geekq.common.utils.numcal","C:\MetricsTest\miaosha-master\miaosha-admin\miaosha-admin-common\src\main\java\com\geekq\common\utils\numcal\CalculateUtil.java","4","48","Useless parentheses.","Code Style","UselessParentheses"
"5","com.geekq.common.utils.numcal","C:\MetricsTest\miaosha-master\miaosha-admin\miaosha-admin-common\src\main\java\com\geekq\common\utils\numcal\CalculateUtil.java","4","91","Useless parentheses.","Code Style","UselessParentheses"
"6","com.geekq.common.utils.numcal","C:\MetricsTest\miaosha-master\miaosha-admin\miaosha-admin-common\src\main\java\com\geekq\common\utils\numcal\CalculateUtil.java","4","93","Useless parentheses.","Code Style","UselessParentheses"
"7","com.geekq.common.utils.numcal","C:\MetricsTest\miaosha-master\miaosha-admin\miaosha-admin-common\src\main\java\com\geekq\common\utils\numcal\CalculateUtil.java","4","95","Useless parentheses.","Code Style","UselessParentheses"
"8","com.geekq.common.utils.numcal","C:\MetricsTest\miaosha-master\miaosha-admin\miaosha-admin-common\src\main\java\com\geekq\common\utils\numcal\CalculateUtil.java","4","108","Useless parentheses.","Code Style","UselessParentheses"
"9","com.geekq.common.utils.numcal","C:\MetricsTest\miaosha-master\miaosha-admin\miaosha-admin-common\src\main\java\com\geekq\common\utils\numcal\CalculateUtil.java","4","115","Useless parentheses.","Code Style","UselessParentheses"
"10","com.geekq.common.utils.numcal","C:\MetricsTest\miaosha-master\miaosha-admin\miaosha-admin-common\src\main\java\com\geekq\common\utils\numcal\CalculateUtil.java","4","117","Useless parentheses.","Code Style","UselessParentheses"
"11","com.geekq.common.utils.numcal","C:\MetricsTest\miaosha-master\miaosha-admin\miaosha-admin-common\src\main\java\com\geekq\common\utils\numcal\CalculateUtil.java","4","157","Useless parentheses.","Code Style","UselessParentheses"
"12","com.geekq.common.utils.numcal","C:\MetricsTest\miaosha-master\miaosha-admin\miaosha-admin-common\src\main\java\com\geekq\common\utils\numcal\CalculateUtil.java","4","159","Useless parentheses.","Code Style","UselessParentheses"
"13","com.geekq.common.utils.numcal","C:\MetricsTest\miaosha-master\miaosha-admin\miaosha-admin-common\src\main\java\com\geekq\common\utils\numcal\CalculateUtil.java","3","227","Consider simply returning the value vs storing it in local variable 'accountManagementCharge'","Code Style","UnnecessaryLocalBeforeReturn"
"1","com.geekq.common.utils.numcal","C:\MetricsTest\miaosha-master\miaosha-admin\miaosha-admin-common\src\main\java\com\geekq\common\utils\numcal\DecimalFormatUtil.java","3","11","This utility class has a non-private constructor","Design","UseUtilityClass"
"2","com.geekq.common.utils.numcal","C:\MetricsTest\miaosha-master\miaosha-admin\miaosha-admin-common\src\main\java\com\geekq\common\utils\numcal\DecimalFormatUtil.java","3","37","This statement should have braces","Code Style","ControlStatementBraces"
"3","com.geekq.common.utils.numcal","C:\MetricsTest\miaosha-master\miaosha-admin\miaosha-admin-common\src\main\java\com\geekq\common\utils\numcal\DecimalFormatUtil.java","3","37","Avoid creating BigDecimal with a decimal (float/double) literal. Use a String literal","Error Prone","AvoidDecimalLiteralsInBigDecimalConstructor"
"1","com.geekq.common.utils.resultbean","C:\MetricsTest\miaosha-master\miaosha-admin\miaosha-admin-common\src\main\java\com\geekq\common\utils\resultbean\AbstractResult.java","3","11","Document empty constructor","Documentation","UncommentedEmptyConstructor"
"1","com.geekq.common.utils.resultbean","C:\MetricsTest\miaosha-master\miaosha-admin\miaosha-admin-common\src\main\java\com\geekq\common\utils\resultbean\ResultGeekQ.java","3","12","Document empty constructor","Documentation","UncommentedEmptyConstructor"
"1","com.geekq.common.validator","C:\MetricsTest\miaosha-master\miaosha-admin\miaosha-admin-common\src\main\java\com\geekq\common\validator\MobileValidator.java","3","23","This if statement can be replaced by `return {condition} || {elseBranch};`","Design","SimplifyBooleanReturns"
"1","com.geekq.admin.redis","C:\MetricsTest\miaosha-master\miaosha-admin\miaosha-admin-service\src\main\java\com\geekq\admin\redis\RedisClient.java","3","10","This utility class has a non-private constructor","Design","UseUtilityClass"
"2","com.geekq.admin.redis","C:\MetricsTest\miaosha-master\miaosha-admin\miaosha-admin-service\src\main\java\com\geekq\admin\redis\RedisClient.java","3","114","Consider simply returning the value vs storing it in local variable 'value'","Code Style","UnnecessaryLocalBeforeReturn"
"1","com.geekq.admin.service.impl","C:\MetricsTest\miaosha-master\miaosha-admin\miaosha-admin-service\src\main\java\com\geekq\admin\service\impl\AccountServiceImpl.java","3","19","Avoid unused local variables such as 'ret'.","Best Practices","UnusedLocalVariable"
"2","com.geekq.admin.service.impl","C:\MetricsTest\miaosha-master\miaosha-admin\miaosha-admin-service\src\main\java\com\geekq\admin\service\impl\AccountServiceImpl.java","3","28","Consider simply returning the value vs storing it in local variable 'account'","Code Style","UnnecessaryLocalBeforeReturn"
"1","com.geekq.admin.service.impl","C:\MetricsTest\miaosha-master\miaosha-admin\miaosha-admin-service\src\main\java\com\geekq\admin\service\impl\LogininfoServiceImpl.java","3","73","Avoid unused local variables such as 'result'.","Best Practices","UnusedLocalVariable"
"2","com.geekq.admin.service.impl","C:\MetricsTest\miaosha-master\miaosha-admin\miaosha-admin-service\src\main\java\com\geekq\admin\service\impl\LogininfoServiceImpl.java","3","115","Document empty method body","Documentation","UncommentedEmptyMethodBody"
"3","com.geekq.admin.service.impl","C:\MetricsTest\miaosha-master\miaosha-admin\miaosha-admin-service\src\main\java\com\geekq\admin\service\impl\LogininfoServiceImpl.java","1","121","Return an empty collection rather than null.","Error Prone","ReturnEmptyCollectionRatherThanNull"
"1","com.geekq.admin.service.impl","C:\MetricsTest\miaosha-master\miaosha-admin\miaosha-admin-service\src\main\java\com\geekq\admin\service\impl\OrdersServiceImpl.java","3","30","Avoid unused local variables such as 'oid'.","Best Practices","UnusedLocalVariable"
"1","com.geekq.admin.service.impl","C:\MetricsTest\miaosha-master\miaosha-admin\miaosha-admin-service\src\main\java\com\geekq\admin\service\impl\RedisCacheStorageServiceImpl.java","3","79","Consider simply returning the value vs storing it in local variable 't'","Code Style","UnnecessaryLocalBeforeReturn"
"1","com.geekq.web.controller","C:\MetricsTest\miaosha-master\miaosha-admin\miaosha-admin-web\src\main\java\com\geekq\web\controller\BaseController.java","1","6","No abstract method which means that the keyword is most likely used to prevent instantiation. Use a private or protected constructor instead.","Design","AbstractClassWithoutAnyMethod"
"1","com.geekq.web.service","C:\MetricsTest\miaosha-master\miaosha-admin\miaosha-admin-web\src\main\java\com\geekq\web\service\CulsterService.java","3","8","Unnecessary modifier 'public' on method 'doBuyItem': the method is declared in an interface type","Code Style","UnnecessaryModifier"
"2","com.geekq.web.service","C:\MetricsTest\miaosha-master\miaosha-admin\miaosha-admin-web\src\main\java\com\geekq\web\service\CulsterService.java","3","10","Unnecessary modifier 'public' on method 'displayBuy': the method is declared in an interface type","Code Style","UnnecessaryModifier"
"1","com.geekq.web.service.impl","C:\MetricsTest\miaosha-master\miaosha-admin\miaosha-admin-web\src\main\java\com\geekq\web\service\impl\CulsterServiceImpl.java","3","33","Avoid unused local variables such as 'buyCounts'.","Best Practices","UnusedLocalVariable"
"2","com.geekq.web.service.impl","C:\MetricsTest\miaosha-master\miaosha-admin\miaosha-admin-web\src\main\java\com\geekq\web\service\impl\CulsterServiceImpl.java","3","44","Avoid unused local variables such as 'isOrderCreated'.","Best Practices","UnusedLocalVariable"
"1","com.geekq.api.service","C:\MetricsTest\miaosha-master\miaosha-order\miaosha-order-api\src\main\java\com\geekq\api\service\GoodsService.java","3","18","Unnecessary modifier 'public' on method 'listGoodsVo': the method is declared in an interface type","Code Style","UnnecessaryModifier"
"2","com.geekq.api.service","C:\MetricsTest\miaosha-master\miaosha-order\miaosha-order-api\src\main\java\com\geekq\api\service\GoodsService.java","3","26","Unnecessary modifier 'public' on method 'getGoodsVoByGoodsId': the method is declared in an interface type","Code Style","UnnecessaryModifier"
"3","com.geekq.api.service","C:\MetricsTest\miaosha-master\miaosha-order\miaosha-order-api\src\main\java\com\geekq\api\service\GoodsService.java","3","33","Unnecessary modifier 'public' on method 'reduceStock': the method is declared in an interface type","Code Style","UnnecessaryModifier"
"1","com.geekq.api.utils","C:\MetricsTest\miaosha-master\miaosha-order\miaosha-order-api\src\main\java\com\geekq\api\utils\AbstractResultOrder.java","3","9","Document empty constructor","Documentation","UncommentedEmptyConstructor"
"1","com.geekq.api.utils","C:\MetricsTest\miaosha-master\miaosha-order\miaosha-order-api\src\main\java\com\geekq\api\utils\ResultGeekQOrder.java","3","11","Document empty constructor","Documentation","UncommentedEmptyConstructor"
"1","com.geekq.api.utils","C:\MetricsTest\miaosha-master\miaosha-order\miaosha-order-api\src\main\java\com\geekq\api\utils\ResultStatusOrder.java","3","69","Unnecessary modifier 'private' on constructor 'ResultStatusOrder(int, String)': enum constructors are implicitly private","Code Style","UnnecessaryModifier"
"2","com.geekq.api.utils","C:\MetricsTest\miaosha-master\miaosha-order\miaosha-order-api\src\main\java\com\geekq\api\utils\ResultStatusOrder.java","3","74","Unnecessary modifier 'private' on constructor 'ResultStatusOrder(Object[])': enum constructors are implicitly private","Code Style","UnnecessaryModifier"
"3","com.geekq.api.utils","C:\MetricsTest\miaosha-master\miaosha-order\miaosha-order-api\src\main\java\com\geekq\api\utils\ResultStatusOrder.java","3","102","The method 'toString()' is missing an @Override annotation.","Best Practices","MissingOverride"
"1","com.geekq.provider","C:\MetricsTest\miaosha-master\miaosha-order\miaosha-order-provider\src\main\java\com\geekq\provider\DubboProviderApplication.java","3","15","Avoid the use of value in annotations when its the only element","Code Style","UnnecessaryAnnotationValueElement"
"2","com.geekq.provider","C:\MetricsTest\miaosha-master\miaosha-order\miaosha-order-provider\src\main\java\com\geekq\provider\DubboProviderApplication.java","3","18","This utility class has a non-private constructor","Design","UseUtilityClass"
"1","com.geekq.provider.mapper","C:\MetricsTest\miaosha-master\miaosha-order\miaosha-order-provider\src\main\java\com\geekq\provider\mapper\GoodsMapper.java","3","14","Unnecessary modifier 'public' on method 'listGoodsVo': the method is declared in an interface type","Code Style","UnnecessaryModifier"
"2","com.geekq.provider.mapper","C:\MetricsTest\miaosha-master\miaosha-order\miaosha-order-provider\src\main\java\com\geekq\provider\mapper\GoodsMapper.java","3","16","Unnecessary modifier 'public' on method 'getGoodsVoByGoodsId': the method is declared in an interface type","Code Style","UnnecessaryModifier"
"3","com.geekq.provider.mapper","C:\MetricsTest\miaosha-master\miaosha-order\miaosha-order-provider\src\main\java\com\geekq\provider\mapper\GoodsMapper.java","3","18","Unnecessary modifier 'public' on method 'reduceStock': the method is declared in an interface type","Code Style","UnnecessaryModifier"
"1","com.geekq.provider","C:\MetricsTest\miaosha-master\miaosha-order\miaosha-order-provider\src\test\java\com\geekq\provider\DubboProviderApplicationTests.java","3","13","Document empty method body","Documentation","UncommentedEmptyMethodBody"
"1","com.geekq.dubbo.springboot","C:\MetricsTest\miaosha-master\miaosha-rpc\dubbo-api\src\main\java\com\geekq\dubbo\springboot\CapAccountTradeOrderService.java","3","13","Unnecessary modifier 'public' on method 'record': the method is declared in an interface type","Code Style","UnnecessaryModifier"
"1","com.geekq.dubbo.springboot.consumer","C:\MetricsTest\miaosha-master\miaosha-rpc\dubbo-consumer\src\main\java\com\geekq\dubbo\springboot\consumer\ConsumerApplication.java","3","11","This utility class has a non-private constructor","Design","UseUtilityClass"
"1","com.geekq.dubbo.springboot.privoder","C:\MetricsTest\miaosha-master\miaosha-rpc\dubbo-provider\src\main\java\com\geekq\dubbo\springboot\privoder\PrivoderApplication.java","3","9","This utility class has a non-private constructor","Design","UseUtilityClass"
"1","com.geekq.dubbo.springboot.privoder.transaction","C:\MetricsTest\miaosha-master\miaosha-rpc\dubbo-provider\src\main\java\com\geekq\dubbo\springboot\privoder\transaction\TransactionServiceImpl.java","3","14","Position literals first in String comparisons","Best Practices","LiteralsFirstInComparisons"
"2","com.geekq.dubbo.springboot.privoder.transaction","C:\MetricsTest\miaosha-master\miaosha-rpc\dubbo-provider\src\main\java\com\geekq\dubbo\springboot\privoder\transaction\TransactionServiceImpl.java","3","23","Position literals first in String comparisons","Best Practices","LiteralsFirstInComparisons"
"3","com.geekq.dubbo.springboot.privoder.transaction","C:\MetricsTest\miaosha-master\miaosha-rpc\dubbo-provider\src\main\java\com\geekq\dubbo\springboot\privoder\transaction\TransactionServiceImpl.java","3","31","Position literals first in String comparisons","Best Practices","LiteralsFirstInComparisons"
"1","com.mooc.jiangzh.dubbo.springboot.springbootdubbo","C:\MetricsTest\miaosha-master\miaosha-rpc\src\main\java\com\mooc\jiangzh\dubbo\springboot\springbootdubbo\SpringbootDubboApplication.java","3","7","This utility class has a non-private constructor","Design","UseUtilityClass"
"1","com.geekq.miaosha","C:\MetricsTest\miaosha-master\miaosha-v1\src\main\java\com\geekq\miaosha\GeekQMainApplication.java","3","10","This utility class has a non-private constructor","Design","UseUtilityClass"
"1","com.geekq.miaosha.access","C:\MetricsTest\miaosha-master\miaosha-v1\src\main\java\com\geekq\miaosha\access\AccessInterceptor.java","3","65","Empty else statement","Code Style","EmptyControlStatement"
"2","com.geekq.miaosha.access","C:\MetricsTest\miaosha-master\miaosha-v1\src\main\java\com\geekq\miaosha\access\AccessInterceptor.java","3","90","Ensure that resources like this OutputStream object are closed after use","Error Prone","CloseResource"
"1","com.geekq.miaosha.access","C:\MetricsTest\miaosha-master\miaosha-v1\src\main\java\com\geekq\miaosha\access\AccessKey.java","1","5","This class has only private constructors and may be final","Design","ClassWithOnlyPrivateConstructorsShouldBeFinal"
"1","com.geekq.miaosha.access","C:\MetricsTest\miaosha-master\miaosha-v1\src\main\java\com\geekq\miaosha\access\UserContext.java","3","5","This utility class has a non-private constructor","Design","UseUtilityClass"
"1","com.geekq.miaosha.common","C:\MetricsTest\miaosha-master\miaosha-v1\src\main\java\com\geekq\miaosha\common\Constanst.java","1","9","The enum name 'orderStaus' doesn't match '[A-Z][a-zA-Z0-9]*'","Code Style","ClassNamingConventions"
"1","com.geekq.miaosha.common","C:\MetricsTest\miaosha-master\miaosha-v1\src\main\java\com\geekq\miaosha\common\SnowflakeIdWorker.java","3","21","This final field could be made static","Design","FinalFieldCouldBeStatic"
"2","com.geekq.miaosha.common","C:\MetricsTest\miaosha-master\miaosha-v1\src\main\java\com\geekq\miaosha\common\SnowflakeIdWorker.java","3","26","This final field could be made static","Design","FinalFieldCouldBeStatic"
"3","com.geekq.miaosha.common","C:\MetricsTest\miaosha-master\miaosha-v1\src\main\java\com\geekq\miaosha\common\SnowflakeIdWorker.java","3","31","This final field could be made static","Design","FinalFieldCouldBeStatic"
"4","com.geekq.miaosha.common","C:\MetricsTest\miaosha-master\miaosha-v1\src\main\java\com\geekq\miaosha\common\SnowflakeIdWorker.java","3","46","This final field could be made static","Design","FinalFieldCouldBeStatic"
"1","com.geekq.miaosha.common.enums","C:\MetricsTest\miaosha-master\miaosha-v1\src\main\java\com\geekq\miaosha\common\enums\MessageStatus.java","1","10","The enum name 'messageType' doesn't match '[A-Z][a-zA-Z0-9]*'","Code Style","ClassNamingConventions"
"2","com.geekq.miaosha.common.enums","C:\MetricsTest\miaosha-master\miaosha-v1\src\main\java\com\geekq\miaosha\common\enums\MessageStatus.java","3","16","Unnecessary modifier 'private' on constructor 'messageType(String)': enum constructors are implicitly private","Code Style","UnnecessaryModifier"
"3","com.geekq.miaosha.common.enums","C:\MetricsTest\miaosha-master\miaosha-v1\src\main\java\com\geekq\miaosha\common\enums\MessageStatus.java","3","36","Unnecessary modifier 'private' on constructor 'ContentEnum(int, String)': enum constructors are implicitly private","Code Style","UnnecessaryModifier"
"4","com.geekq.miaosha.common.enums","C:\MetricsTest\miaosha-master\miaosha-v1\src\main\java\com\geekq\miaosha\common\enums\MessageStatus.java","1","53","The enum name 'sendType' doesn't match '[A-Z][a-zA-Z0-9]*'","Code Style","ClassNamingConventions"
"1","com.geekq.miaosha.common.enums","C:\MetricsTest\miaosha-master\miaosha-v1\src\main\java\com\geekq\miaosha\common\enums\ResultStatus.java","3","68","Unnecessary modifier 'private' on constructor 'ResultStatus(int, String)': enum constructors are implicitly private","Code Style","UnnecessaryModifier"
"2","com.geekq.miaosha.common.enums","C:\MetricsTest\miaosha-master\miaosha-v1\src\main\java\com\geekq\miaosha\common\enums\ResultStatus.java","3","73","Unnecessary modifier 'private' on constructor 'ResultStatus(Object[])': enum constructors are implicitly private","Code Style","UnnecessaryModifier"
"3","com.geekq.miaosha.common.enums","C:\MetricsTest\miaosha-master\miaosha-v1\src\main\java\com\geekq\miaosha\common\enums\ResultStatus.java","3","101","The method 'toString()' is missing an @Override annotation.","Best Practices","MissingOverride"
"1","com.geekq.miaosha.controller","C:\MetricsTest\miaosha-master\miaosha-v1\src\main\java\com\geekq\miaosha\controller\BaseController.java","3","33","Ensure that resources like this OutputStream object are closed after use","Error Prone","CloseResource"
"1","com.geekq.miaosha.controller","C:\MetricsTest\miaosha-master\miaosha-v1\src\main\java\com\geekq\miaosha\controller\GoodsController.java","4","21","Unused import 'org.thymeleaf.context.WebContext'","Code Style","UnnecessaryImport"
"2","com.geekq.miaosha.controller","C:\MetricsTest\miaosha-master\miaosha-v1\src\main\java\com\geekq\miaosha\controller\GoodsController.java","3","98","Avoid the use of value in annotations when its the only element","Code Style","UnnecessaryAnnotationValueElement"
"1","com.geekq.miaosha.controller","C:\MetricsTest\miaosha-master\miaosha-v1\src\main\java\com\geekq\miaosha\controller\LoginController.java","2","33","Logger calls should be surrounded by log level guards.","Best Practices","GuardLogStatement"
"2","com.geekq.miaosha.controller","C:\MetricsTest\miaosha-master\miaosha-v1\src\main\java\com\geekq\miaosha\controller\LoginController.java","2","46","Logger calls should be surrounded by log level guards.","Best Practices","GuardLogStatement"
"3","com.geekq.miaosha.controller","C:\MetricsTest\miaosha-master\miaosha-v1\src\main\java\com\geekq\miaosha\controller\LoginController.java","2","55","Logger calls should be surrounded by log level guards.","Best Practices","GuardLogStatement"
"4","com.geekq.miaosha.controller","C:\MetricsTest\miaosha-master\miaosha-v1\src\main\java\com\geekq\miaosha\controller\LoginController.java","3","56","Consider simply returning the value vs storing it in local variable 'token'","Code Style","UnnecessaryLocalBeforeReturn"
"1","com.geekq.miaosha.controller","C:\MetricsTest\miaosha-master\miaosha-v1\src\main\java\com\geekq\miaosha\controller\MiaoShaMessageController.java","3","57","Unnecessary semicolon","Code Style","UnnecessarySemicolon"
"1","com.geekq.miaosha.controller","C:\MetricsTest\miaosha-master\miaosha-v1\src\main\java\com\geekq\miaosha\controller\MiaoshaController.java","4","22","Unused import 'org.springframework.web.bind.annotation.*'","Code Style","UnnecessaryImport"
"2","com.geekq.miaosha.controller","C:\MetricsTest\miaosha-master\miaosha-v1\src\main\java\com\geekq\miaosha\controller\MiaoshaController.java","3","58","Avoid using implementation types like 'HashMap'; use the interface instead","Best Practices","LooseCoupling"
"3","com.geekq.miaosha.controller","C:\MetricsTest\miaosha-master\miaosha-v1\src\main\java\com\geekq\miaosha\controller\MiaoshaController.java","3","168","Ensure that resources like this OutputStream object are closed after use","Error Prone","CloseResource"
"4","com.geekq.miaosha.controller","C:\MetricsTest\miaosha-master\miaosha-v1\src\main\java\com\geekq\miaosha\controller\MiaoshaController.java","3","191","Ensure that resources like this OutputStream object are closed after use","Error Prone","CloseResource"
"1","com.geekq.miaosha.dao","C:\MetricsTest\miaosha-master\miaosha-v1\src\main\java\com\geekq\miaosha\dao\GoodsDao.java","3","16","Unnecessary modifier 'public' on method 'listGoodsVo': the method is declared in an interface type","Code Style","UnnecessaryModifier"
"2","com.geekq.miaosha.dao","C:\MetricsTest\miaosha-master\miaosha-v1\src\main\java\com\geekq\miaosha\dao\GoodsDao.java","3","19","Unnecessary modifier 'public' on method 'getGoodsVoByGoodsId': the method is declared in an interface type","Code Style","UnnecessaryModifier"
"3","com.geekq.miaosha.dao","C:\MetricsTest\miaosha-master\miaosha-v1\src\main\java\com\geekq\miaosha\dao\GoodsDao.java","3","22","Unnecessary modifier 'public' on method 'reduceStock': the method is declared in an interface type","Code Style","UnnecessaryModifier"
"1","com.geekq.miaosha.dao","C:\MetricsTest\miaosha-master\miaosha-v1\src\main\java\com\geekq\miaosha\dao\MiaoShaMessageDao.java","4","5","Unused import 'org.apache.ibatis.annotations.*'","Code Style","UnnecessaryImport"
"2","com.geekq.miaosha.dao","C:\MetricsTest\miaosha-master\miaosha-v1\src\main\java\com\geekq\miaosha\dao\MiaoShaMessageDao.java","3","13","Unnecessary modifier 'public' on method 'listMiaoShaMessage': the method is declared in an interface type","Code Style","UnnecessaryModifier"
"3","com.geekq.miaosha.dao","C:\MetricsTest\miaosha-master\miaosha-v1\src\main\java\com\geekq\miaosha\dao\MiaoShaMessageDao.java","3","16","Unnecessary modifier 'public' on method 'listMiaoShaMessageUser': the method is declared in an interface type","Code Style","UnnecessaryModifier"
"4","com.geekq.miaosha.dao","C:\MetricsTest\miaosha-master\miaosha-v1\src\main\java\com\geekq\miaosha\dao\MiaoShaMessageDao.java","3","21","Unnecessary modifier 'public' on method 'insertMiaoShaMessage': the method is declared in an interface type","Code Style","UnnecessaryModifier"
"5","com.geekq.miaosha.dao","C:\MetricsTest\miaosha-master\miaosha-v1\src\main\java\com\geekq\miaosha\dao\MiaoShaMessageDao.java","3","26","Unnecessary modifier 'public' on method 'insertMiaoShaMessageUser': the method is declared in an interface type","Code Style","UnnecessaryModifier"
"6","com.geekq.miaosha.dao","C:\MetricsTest\miaosha-master\miaosha-v1\src\main\java\com\geekq\miaosha\dao\MiaoShaMessageDao.java","3","31","Unnecessary modifier 'public' on method 'listMiaoShaMessageByUserId': the method is declared in an interface type","Code Style","UnnecessaryModifier"
"1","com.geekq.miaosha.dao","C:\MetricsTest\miaosha-master\miaosha-v1\src\main\java\com\geekq\miaosha\dao\MiaoShaUserDao.java","4","4","Unused import 'org.apache.ibatis.annotations.*'","Code Style","UnnecessaryImport"
"2","com.geekq.miaosha.dao","C:\MetricsTest\miaosha-master\miaosha-v1\src\main\java\com\geekq\miaosha\dao\MiaoShaUserDao.java","3","10","Unnecessary modifier 'public' on method 'getByNickname': the method is declared in an interface type","Code Style","UnnecessaryModifier"
"3","com.geekq.miaosha.dao","C:\MetricsTest\miaosha-master\miaosha-v1\src\main\java\com\geekq\miaosha\dao\MiaoShaUserDao.java","3","13","Unnecessary modifier 'public' on method 'getById': the method is declared in an interface type","Code Style","UnnecessaryModifier"
"4","com.geekq.miaosha.dao","C:\MetricsTest\miaosha-master\miaosha-v1\src\main\java\com\geekq\miaosha\dao\MiaoShaUserDao.java","3","17","Unnecessary modifier 'public' on method 'update': the method is declared in an interface type","Code Style","UnnecessaryModifier"
"5","com.geekq.miaosha.dao","C:\MetricsTest\miaosha-master\miaosha-v1\src\main\java\com\geekq\miaosha\dao\MiaoShaUserDao.java","3","22","Unnecessary modifier 'public' on method 'insertMiaoShaUser': the method is declared in an interface type","Code Style","UnnecessaryModifier"
"1","com.geekq.miaosha.dao","C:\MetricsTest\miaosha-master\miaosha-v1\src\main\java\com\geekq\miaosha\dao\OrderDao.java","4","5","Unused import 'org.apache.ibatis.annotations.*'","Code Style","UnnecessaryImport"
"2","com.geekq.miaosha.dao","C:\MetricsTest\miaosha-master\miaosha-v1\src\main\java\com\geekq\miaosha\dao\OrderDao.java","3","13","Unnecessary modifier 'public' on method 'getMiaoshaOrderByUserIdGoodsId': the method is declared in an interface type","Code Style","UnnecessaryModifier"
"3","com.geekq.miaosha.dao","C:\MetricsTest\miaosha-master\miaosha-v1\src\main\java\com\geekq\miaosha\dao\OrderDao.java","3","18","Unnecessary modifier 'public' on method 'insert': the method is declared in an interface type","Code Style","UnnecessaryModifier"
"4","com.geekq.miaosha.dao","C:\MetricsTest\miaosha-master\miaosha-v1\src\main\java\com\geekq\miaosha\dao\OrderDao.java","3","21","Unnecessary modifier 'public' on method 'insertMiaoshaOrder': the method is declared in an interface type","Code Style","UnnecessaryModifier"
"5","com.geekq.miaosha.dao","C:\MetricsTest\miaosha-master\miaosha-v1\src\main\java\com\geekq\miaosha\dao\OrderDao.java","3","24","Unnecessary modifier 'public' on method 'getOrderById': the method is declared in an interface type","Code Style","UnnecessaryModifier"
"6","com.geekq.miaosha.dao","C:\MetricsTest\miaosha-master\miaosha-v1\src\main\java\com\geekq\miaosha\dao\OrderDao.java","3","27","Unnecessary modifier 'public' on method 'selectOrderStatusByCreateTime': the method is declared in an interface type","Code Style","UnnecessaryModifier"
"7","com.geekq.miaosha.dao","C:\MetricsTest\miaosha-master\miaosha-v1\src\main\java\com\geekq\miaosha\dao\OrderDao.java","3","30","Unnecessary modifier 'public' on method 'closeOrderByOrderInfo': the method is declared in an interface type","Code Style","UnnecessaryModifier"
"1","com.geekq.miaosha.dao","C:\MetricsTest\miaosha-master\miaosha-v1\src\main\java\com\geekq\miaosha\dao\UserDao.java","3","13","Unnecessary modifier 'public' on method 'getById': the method is declared in an interface type","Code Style","UnnecessaryModifier"
"2","com.geekq.miaosha.dao","C:\MetricsTest\miaosha-master\miaosha-v1\src\main\java\com\geekq\miaosha\dao\UserDao.java","3","16","Unnecessary modifier 'public' on method 'insert': the method is declared in an interface type","Code Style","UnnecessaryModifier"
"1","com.geekq.miaosha.exception","C:\MetricsTest\miaosha-master\miaosha-v1\src\main\java\com\geekq\miaosha\exception\GlobleExceptionHandler.java","3","29","Avoid the use of value in annotations when its the only element","Code Style","UnnecessaryAnnotationValueElement"
"2","com.geekq.miaosha.exception","C:\MetricsTest\miaosha-master\miaosha-v1\src\main\java\com\geekq\miaosha\exception\GlobleExceptionHandler.java","2","43","Logger calls should be surrounded by log level guards.","Best Practices","GuardLogStatement"
"1","com.geekq.miaosha.mybatis.Mapper","C:\MetricsTest\miaosha-master\miaosha-v1\src\main\java\com\geekq\miaosha\mybatis\Mapper\UserMapper.java","3","1","Package name contains upper case characters","Code Style","PackageCase"
"2","com.geekq.miaosha.mybatis.Mapper","C:\MetricsTest\miaosha-master\miaosha-v1\src\main\java\com\geekq\miaosha\mybatis\Mapper\UserMapper.java","3","15","Unnecessary modifier 'public' on method 'getUser': the method is declared in an interface type","Code Style","UnnecessaryModifier"
"3","com.geekq.miaosha.mybatis.Mapper","C:\MetricsTest\miaosha-master\miaosha-v1\src\main\java\com\geekq\miaosha\mybatis\Mapper\UserMapper.java","3","17","Unnecessary modifier 'public' on method 'insert': the method is declared in an interface type","Code Style","UnnecessaryModifier"
"4","com.geekq.miaosha.mybatis.Mapper","C:\MetricsTest\miaosha-master\miaosha-v1\src\main\java\com\geekq\miaosha\mybatis\Mapper\UserMapper.java","3","19","Unnecessary modifier 'public' on method 'update': the method is declared in an interface type","Code Style","UnnecessaryModifier"
"5","com.geekq.miaosha.mybatis.Mapper","C:\MetricsTest\miaosha-master\miaosha-v1\src\main\java\com\geekq\miaosha\mybatis\Mapper\UserMapper.java","3","21","Unnecessary modifier 'public' on method 'delete': the method is declared in an interface type","Code Style","UnnecessaryModifier"
"6","com.geekq.miaosha.mybatis.Mapper","C:\MetricsTest\miaosha-master\miaosha-v1\src\main\java\com\geekq\miaosha\mybatis\Mapper\UserMapper.java","3","30","Unnecessary modifier 'public' on method 'getUserList': the method is declared in an interface type","Code Style","UnnecessaryModifier"
"7","com.geekq.miaosha.mybatis.Mapper","C:\MetricsTest\miaosha-master\miaosha-v1\src\main\java\com\geekq\miaosha\mybatis\Mapper\UserMapper.java","3","39","Unnecessary modifier 'public' on method 'getUserListMap': the method is declared in an interface type","Code Style","UnnecessaryModifier"
"8","com.geekq.miaosha.mybatis.Mapper","C:\MetricsTest\miaosha-master\miaosha-v1\src\main\java\com\geekq\miaosha\mybatis\Mapper\UserMapper.java","3","41","Unnecessary modifier 'public' on method 'getTeacherAndUser': the method is declared in an interface type","Code Style","UnnecessaryModifier"
"9","com.geekq.miaosha.mybatis.Mapper","C:\MetricsTest\miaosha-master\miaosha-v1\src\main\java\com\geekq\miaosha\mybatis\Mapper\UserMapper.java","3","43","Unnecessary modifier 'public' on method 'getTeacherAndUserList': the method is declared in an interface type","Code Style","UnnecessaryModifier"
"10","com.geekq.miaosha.mybatis.Mapper","C:\MetricsTest\miaosha-master\miaosha-v1\src\main\java\com\geekq\miaosha\mybatis\Mapper\UserMapper.java","3","45","Unnecessary modifier 'public' on method 'getTeacherAndUserListVo': the method is declared in an interface type","Code Style","UnnecessaryModifier"
"1","com.geekq.miaosha.rabbitmq","C:\MetricsTest\miaosha-master\miaosha-v1\src\main\java\com\geekq\miaosha\rabbitmq\MQConfig.java","4","3","Unused import 'org.springframework.amqp.core.*'","Code Style","UnnecessaryImport"
"2","com.geekq.miaosha.rabbitmq","C:\MetricsTest\miaosha-master\miaosha-v1\src\main\java\com\geekq\miaosha\rabbitmq\MQConfig.java","1","78","The instance method name 'FanoutBinding1' doesn't match '[a-z][a-zA-Z0-9]*'","Code Style","MethodNamingConventions"
"3","com.geekq.miaosha.rabbitmq","C:\MetricsTest\miaosha-master\miaosha-v1\src\main\java\com\geekq\miaosha\rabbitmq\MQConfig.java","1","83","The instance method name 'FanoutBinding2' doesn't match '[a-z][a-zA-Z0-9]*'","Code Style","MethodNamingConventions"
"1","com.geekq.miaosha.rabbitmq","C:\MetricsTest\miaosha-master\miaosha-v1\src\main\java\com\geekq\miaosha\rabbitmq\MQReceiver.java","2","44","Logger calls should be surrounded by log level guards.","Best Practices","GuardLogStatement"
"1","com.geekq.miaosha.rabbitmq","C:\MetricsTest\miaosha-master\miaosha-v1\src\main\java\com\geekq\miaosha\rabbitmq\MQSender.java","2","25","Logger calls should be surrounded by log level guards.","Best Practices","GuardLogStatement"
"1","com.geekq.miaosha.redis","C:\MetricsTest\miaosha-master\miaosha-v1\src\main\java\com\geekq\miaosha\redis\GoodsKey.java","1","3","This class has only private constructors and may be final","Design","ClassWithOnlyPrivateConstructorsShouldBeFinal"
"1","com.geekq.miaosha.redis","C:\MetricsTest\miaosha-master\miaosha-v1\src\main\java\com\geekq\miaosha\redis\KeyPrefix.java","3","5","Unnecessary modifier 'public' on method 'expireSeconds': the method is declared in an interface type","Code Style","UnnecessaryModifier"
"2","com.geekq.miaosha.redis","C:\MetricsTest\miaosha-master\miaosha-v1\src\main\java\com\geekq\miaosha\redis\KeyPrefix.java","3","7","Unnecessary modifier 'public' on method 'getPrefix': the method is declared in an interface type","Code Style","UnnecessaryModifier"
"1","com.geekq.miaosha.redis","C:\MetricsTest\miaosha-master\miaosha-v1\src\main\java\com\geekq\miaosha\redis\MiaoshaKey.java","1","3","This class has only private constructors and may be final","Design","ClassWithOnlyPrivateConstructorsShouldBeFinal"
"1","com.geekq.miaosha.redis","C:\MetricsTest\miaosha-master\miaosha-v1\src\main\java\com\geekq\miaosha\redis\RedisPoolFactory.java","1","16","The instance method name 'JedisPoolFactory' doesn't match '[a-z][a-zA-Z0-9]*'","Code Style","MethodNamingConventions"
"2","com.geekq.miaosha.redis","C:\MetricsTest\miaosha-master\miaosha-v1\src\main\java\com\geekq\miaosha\redis\RedisPoolFactory.java","3","21","Consider simply returning the value vs storing it in local variable 'jp'","Code Style","UnnecessaryLocalBeforeReturn"
"1","com.geekq.miaosha.redis","C:\MetricsTest\miaosha-master\miaosha-v1\src\main\java\com\geekq\miaosha\redis\RedisService.java","3","109","Consider simply returning the value vs storing it in local variable 't'","Code Style","UnnecessaryLocalBeforeReturn"
"2","com.geekq.miaosha.redis","C:\MetricsTest\miaosha-master\miaosha-v1\src\main\java\com\geekq\miaosha\redis\RedisService.java","3","252","Substitute calls to size() == 0 (or size() != 0, size() > 0, size() < 1) with calls to isEmpty()","Best Practices","UseCollectionIsEmpty"
"3","com.geekq.miaosha.redis","C:\MetricsTest\miaosha-master\miaosha-v1\src\main\java\com\geekq\miaosha\redis\RedisService.java","3","282","Substitute calls to size() == 0 (or size() != 0, size() > 0, size() < 1) with calls to isEmpty()","Best Practices","UseCollectionIsEmpty"
"4","com.geekq.miaosha.redis","C:\MetricsTest\miaosha-master\miaosha-v1\src\main\java\com\geekq\miaosha\redis\RedisService.java","3","287","Position literals first in String comparisons","Best Practices","LiteralsFirstInComparisons"
"1","com.geekq.miaosha.redis","C:\MetricsTest\miaosha-master\miaosha-v1\src\main\java\com\geekq\miaosha\redis\RedissLockUtil.java","3","8","This utility class has a non-private constructor","Design","UseUtilityClass"
"1","com.geekq.miaosha.redis","C:\MetricsTest\miaosha-master\miaosha-v1\src\main\java\com\geekq\miaosha\redis\Userkey.java","1","3","This class has only private constructors and may be final","Design","ClassWithOnlyPrivateConstructorsShouldBeFinal"
"1","com.geekq.miaosha.redis.redismanager","C:\MetricsTest\miaosha-master\miaosha-v1\src\main\java\com\geekq\miaosha\redis\redismanager\OptimisticLockTest.java","3","16","This utility class has a non-private constructor","Design","UseUtilityClass"
"2","com.geekq.miaosha.redis.redismanager","C:\MetricsTest\miaosha-master\miaosha-v1\src\main\java\com\geekq\miaosha\redis\redismanager\OptimisticLockTest.java","1","25","The local variable name 'Time' doesn't match '[a-z][a-zA-Z0-9]*'","Code Style","LocalVariableNamingConventions"
"3","com.geekq.miaosha.redis.redismanager","C:\MetricsTest\miaosha-master\miaosha-v1\src\main\java\com\geekq\miaosha\redis\redismanager\OptimisticLockTest.java","3","49","Ensure that resources like this ExecutorService object are closed after use","Error Prone","CloseResource"
"4","com.geekq.miaosha.redis.redismanager","C:\MetricsTest\miaosha-master\miaosha-v1\src\main\java\com\geekq\miaosha\redis\redismanager\OptimisticLockTest.java","3","108","The method 'run()' is missing an @Override annotation.","Best Practices","MissingOverride"
"5","com.geekq.miaosha.redis.redismanager","C:\MetricsTest\miaosha-master\miaosha-v1\src\main\java\com\geekq\miaosha\redis\redismanager\OptimisticLockTest.java","3","111","Avoid empty catch blocks","Error Prone","EmptyCatchBlock"
"1","com.geekq.miaosha.redis.redismanager","C:\MetricsTest\miaosha-master\miaosha-v1\src\main\java\com\geekq\miaosha\redis\redismanager\RedisLua.java","3","13","This utility class has a non-private constructor","Design","UseUtilityClass"
"2","com.geekq.miaosha.redis.redismanager","C:\MetricsTest\miaosha-master\miaosha-v1\src\main\java\com\geekq\miaosha\redis\redismanager\RedisLua.java","3","79","Avoid unused local variables such as 'object'.","Best Practices","UnusedLocalVariable"
"1","com.geekq.miaosha.redis.redismanager","C:\MetricsTest\miaosha-master\miaosha-v1\src\main\java\com\geekq\miaosha\redis\redismanager\RedisManager.java","3","7","This utility class has a non-private constructor","Design","UseUtilityClass"
"2","com.geekq.miaosha.redis.redismanager","C:\MetricsTest\miaosha-master\miaosha-v1\src\main\java\com\geekq\miaosha\redis\redismanager\RedisManager.java","3","15","Do not hard code the IP address ${variableName}","Best Practices","AvoidUsingHardCodedIP"
"1","com.geekq.miaosha.redis.redismanager","C:\MetricsTest\miaosha-master\miaosha-v1\src\main\java\com\geekq\miaosha\redis\redismanager\RedisUtil.java","1","13","This class has only private constructors and may be final","Design","ClassWithOnlyPrivateConstructorsShouldBeFinal"
"2","com.geekq.miaosha.redis.redismanager","C:\MetricsTest\miaosha-master\miaosha-v1\src\main\java\com\geekq\miaosha\redis\redismanager\RedisUtil.java","3","23","Do not hard code the IP address ip","Best Practices","AvoidUsingHardCodedIP"
"3","com.geekq.miaosha.redis.redismanager","C:\MetricsTest\miaosha-master\miaosha-v1\src\main\java\com\geekq\miaosha\redis\redismanager\RedisUtil.java","3","30","Possible unsafe assignment to non-final static field 'pool' in a constructor.","Error Prone","AssignmentToNonFinalStatic"
"4","com.geekq.miaosha.redis.redismanager","C:\MetricsTest\miaosha-master\miaosha-v1\src\main\java\com\geekq\miaosha\redis\redismanager\RedisUtil.java","4","36","Unnecessary qualifier 'RedisUtil': 'getInstance' is already in scope","Code Style","UnnecessaryFullyQualifiedName"
"5","com.geekq.miaosha.redis.redismanager","C:\MetricsTest\miaosha-master\miaosha-v1\src\main\java\com\geekq\miaosha\redis\redismanager\RedisUtil.java","2","38","Logger calls should be surrounded by log level guards.","Best Practices","GuardLogStatement"
"6","com.geekq.miaosha.redis.redismanager","C:\MetricsTest\miaosha-master\miaosha-v1\src\main\java\com\geekq\miaosha\redis\redismanager\RedisUtil.java","3","58","Consider simply returning the value vs storing it in local variable 'jedis'","Code Style","UnnecessaryLocalBeforeReturn"
"7","com.geekq.miaosha.redis.redismanager","C:\MetricsTest\miaosha-master\miaosha-v1\src\main\java\com\geekq\miaosha\redis\redismanager\RedisUtil.java","2","69","Logger calls should be surrounded by log level guards.","Best Practices","GuardLogStatement"
"8","com.geekq.miaosha.redis.redismanager","C:\MetricsTest\miaosha-master\miaosha-v1\src\main\java\com\geekq\miaosha\redis\redismanager\RedisUtil.java","2","83","Logger calls should be surrounded by log level guards.","Best Practices","GuardLogStatement"
"9","com.geekq.miaosha.redis.redismanager","C:\MetricsTest\miaosha-master\miaosha-v1\src\main\java\com\geekq\miaosha\redis\redismanager\RedisUtil.java","2","97","Logger calls should be surrounded by log level guards.","Best Practices","GuardLogStatement"
"10","com.geekq.miaosha.redis.redismanager","C:\MetricsTest\miaosha-master\miaosha-v1\src\main\java\com\geekq\miaosha\redis\redismanager\RedisUtil.java","2","112","Logger calls should be surrounded by log level guards.","Best Practices","GuardLogStatement"
"11","com.geekq.miaosha.redis.redismanager","C:\MetricsTest\miaosha-master\miaosha-v1\src\main\java\com\geekq\miaosha\redis\redismanager\RedisUtil.java","2","127","Logger calls should be surrounded by log level guards.","Best Practices","GuardLogStatement"
"12","com.geekq.miaosha.redis.redismanager","C:\MetricsTest\miaosha-master\miaosha-v1\src\main\java\com\geekq\miaosha\redis\redismanager\RedisUtil.java","2","141","Logger calls should be surrounded by log level guards.","Best Practices","GuardLogStatement"
"13","com.geekq.miaosha.redis.redismanager","C:\MetricsTest\miaosha-master\miaosha-v1\src\main\java\com\geekq\miaosha\redis\redismanager\RedisUtil.java","2","156","Logger calls should be surrounded by log level guards.","Best Practices","GuardLogStatement"
"14","com.geekq.miaosha.redis.redismanager","C:\MetricsTest\miaosha-master\miaosha-v1\src\main\java\com\geekq\miaosha\redis\redismanager\RedisUtil.java","2","170","Logger calls should be surrounded by log level guards.","Best Practices","GuardLogStatement"
"15","com.geekq.miaosha.redis.redismanager","C:\MetricsTest\miaosha-master\miaosha-v1\src\main\java\com\geekq\miaosha\redis\redismanager\RedisUtil.java","2","185","Logger calls should be surrounded by log level guards.","Best Practices","GuardLogStatement"
"16","com.geekq.miaosha.redis.redismanager","C:\MetricsTest\miaosha-master\miaosha-v1\src\main\java\com\geekq\miaosha\redis\redismanager\RedisUtil.java","2","200","Logger calls should be surrounded by log level guards.","Best Practices","GuardLogStatement"
"17","com.geekq.miaosha.redis.redismanager","C:\MetricsTest\miaosha-master\miaosha-v1\src\main\java\com\geekq\miaosha\redis\redismanager\RedisUtil.java","2","215","Logger calls should be surrounded by log level guards.","Best Practices","GuardLogStatement"
"18","com.geekq.miaosha.redis.redismanager","C:\MetricsTest\miaosha-master\miaosha-v1\src\main\java\com\geekq\miaosha\redis\redismanager\RedisUtil.java","2","230","Logger calls should be surrounded by log level guards.","Best Practices","GuardLogStatement"
"19","com.geekq.miaosha.redis.redismanager","C:\MetricsTest\miaosha-master\miaosha-v1\src\main\java\com\geekq\miaosha\redis\redismanager\RedisUtil.java","2","245","Logger calls should be surrounded by log level guards.","Best Practices","GuardLogStatement"
"20","com.geekq.miaosha.redis.redismanager","C:\MetricsTest\miaosha-master\miaosha-v1\src\main\java\com\geekq\miaosha\redis\redismanager\RedisUtil.java","2","260","Logger calls should be surrounded by log level guards.","Best Practices","GuardLogStatement"
"21","com.geekq.miaosha.redis.redismanager","C:\MetricsTest\miaosha-master\miaosha-v1\src\main\java\com\geekq\miaosha\redis\redismanager\RedisUtil.java","2","275","Logger calls should be surrounded by log level guards.","Best Practices","GuardLogStatement"
"22","com.geekq.miaosha.redis.redismanager","C:\MetricsTest\miaosha-master\miaosha-v1\src\main\java\com\geekq\miaosha\redis\redismanager\RedisUtil.java","2","290","Logger calls should be surrounded by log level guards.","Best Practices","GuardLogStatement"
"23","com.geekq.miaosha.redis.redismanager","C:\MetricsTest\miaosha-master\miaosha-v1\src\main\java\com\geekq\miaosha\redis\redismanager\RedisUtil.java","2","305","Logger calls should be surrounded by log level guards.","Best Practices","GuardLogStatement"
"24","com.geekq.miaosha.redis.redismanager","C:\MetricsTest\miaosha-master\miaosha-v1\src\main\java\com\geekq\miaosha\redis\redismanager\RedisUtil.java","2","320","Logger calls should be surrounded by log level guards.","Best Practices","GuardLogStatement"
"25","com.geekq.miaosha.redis.redismanager","C:\MetricsTest\miaosha-master\miaosha-v1\src\main\java\com\geekq\miaosha\redis\redismanager\RedisUtil.java","2","335","Logger calls should be surrounded by log level guards.","Best Practices","GuardLogStatement"
"26","com.geekq.miaosha.redis.redismanager","C:\MetricsTest\miaosha-master\miaosha-v1\src\main\java\com\geekq\miaosha\redis\redismanager\RedisUtil.java","2","350","Logger calls should be surrounded by log level guards.","Best Practices","GuardLogStatement"
"27","com.geekq.miaosha.redis.redismanager","C:\MetricsTest\miaosha-master\miaosha-v1\src\main\java\com\geekq\miaosha\redis\redismanager\RedisUtil.java","2","365","Logger calls should be surrounded by log level guards.","Best Practices","GuardLogStatement"
"28","com.geekq.miaosha.redis.redismanager","C:\MetricsTest\miaosha-master\miaosha-v1\src\main\java\com\geekq\miaosha\redis\redismanager\RedisUtil.java","2","380","Logger calls should be surrounded by log level guards.","Best Practices","GuardLogStatement"
"29","com.geekq.miaosha.redis.redismanager","C:\MetricsTest\miaosha-master\miaosha-v1\src\main\java\com\geekq\miaosha\redis\redismanager\RedisUtil.java","2","395","Logger calls should be surrounded by log level guards.","Best Practices","GuardLogStatement"
"30","com.geekq.miaosha.redis.redismanager","C:\MetricsTest\miaosha-master\miaosha-v1\src\main\java\com\geekq\miaosha\redis\redismanager\RedisUtil.java","2","410","Logger calls should be surrounded by log level guards.","Best Practices","GuardLogStatement"
"31","com.geekq.miaosha.redis.redismanager","C:\MetricsTest\miaosha-master\miaosha-v1\src\main\java\com\geekq\miaosha\redis\redismanager\RedisUtil.java","2","425","Logger calls should be surrounded by log level guards.","Best Practices","GuardLogStatement"
"32","com.geekq.miaosha.redis.redismanager","C:\MetricsTest\miaosha-master\miaosha-v1\src\main\java\com\geekq\miaosha\redis\redismanager\RedisUtil.java","2","440","Logger calls should be surrounded by log level guards.","Best Practices","GuardLogStatement"
"33","com.geekq.miaosha.redis.redismanager","C:\MetricsTest\miaosha-master\miaosha-v1\src\main\java\com\geekq\miaosha\redis\redismanager\RedisUtil.java","2","456","Logger calls should be surrounded by log level guards.","Best Practices","GuardLogStatement"
"34","com.geekq.miaosha.redis.redismanager","C:\MetricsTest\miaosha-master\miaosha-v1\src\main\java\com\geekq\miaosha\redis\redismanager\RedisUtil.java","2","471","Logger calls should be surrounded by log level guards.","Best Practices","GuardLogStatement"
"35","com.geekq.miaosha.redis.redismanager","C:\MetricsTest\miaosha-master\miaosha-v1\src\main\java\com\geekq\miaosha\redis\redismanager\RedisUtil.java","2","486","Logger calls should be surrounded by log level guards.","Best Practices","GuardLogStatement"
"36","com.geekq.miaosha.redis.redismanager","C:\MetricsTest\miaosha-master\miaosha-v1\src\main\java\com\geekq\miaosha\redis\redismanager\RedisUtil.java","3","499","Avoid empty catch blocks","Error Prone","EmptyCatchBlock"
"37","com.geekq.miaosha.redis.redismanager","C:\MetricsTest\miaosha-master\miaosha-v1\src\main\java\com\geekq\miaosha\redis\redismanager\RedisUtil.java","2","515","Logger calls should be surrounded by log level guards.","Best Practices","GuardLogStatement"
"38","com.geekq.miaosha.redis.redismanager","C:\MetricsTest\miaosha-master\miaosha-v1\src\main\java\com\geekq\miaosha\redis\redismanager\RedisUtil.java","2","530","Logger calls should be surrounded by log level guards.","Best Practices","GuardLogStatement"
"39","com.geekq.miaosha.redis.redismanager","C:\MetricsTest\miaosha-master\miaosha-v1\src\main\java\com\geekq\miaosha\redis\redismanager\RedisUtil.java","2","545","Logger calls should be surrounded by log level guards.","Best Practices","GuardLogStatement"
"40","com.geekq.miaosha.redis.redismanager","C:\MetricsTest\miaosha-master\miaosha-v1\src\main\java\com\geekq\miaosha\redis\redismanager\RedisUtil.java","2","560","Logger calls should be surrounded by log level guards.","Best Practices","GuardLogStatement"
"41","com.geekq.miaosha.redis.redismanager","C:\MetricsTest\miaosha-master\miaosha-v1\src\main\java\com\geekq\miaosha\redis\redismanager\RedisUtil.java","2","575","Logger calls should be surrounded by log level guards.","Best Practices","GuardLogStatement"
"42","com.geekq.miaosha.redis.redismanager","C:\MetricsTest\miaosha-master\miaosha-v1\src\main\java\com\geekq\miaosha\redis\redismanager\RedisUtil.java","2","590","Logger calls should be surrounded by log level guards.","Best Practices","GuardLogStatement"
"43","com.geekq.miaosha.redis.redismanager","C:\MetricsTest\miaosha-master\miaosha-v1\src\main\java\com\geekq\miaosha\redis\redismanager\RedisUtil.java","2","605","Logger calls should be surrounded by log level guards.","Best Practices","GuardLogStatement"
"44","com.geekq.miaosha.redis.redismanager","C:\MetricsTest\miaosha-master\miaosha-v1\src\main\java\com\geekq\miaosha\redis\redismanager\RedisUtil.java","2","620","Logger calls should be surrounded by log level guards.","Best Practices","GuardLogStatement"
"45","com.geekq.miaosha.redis.redismanager","C:\MetricsTest\miaosha-master\miaosha-v1\src\main\java\com\geekq\miaosha\redis\redismanager\RedisUtil.java","2","635","Logger calls should be surrounded by log level guards.","Best Practices","GuardLogStatement"
"46","com.geekq.miaosha.redis.redismanager","C:\MetricsTest\miaosha-master\miaosha-v1\src\main\java\com\geekq\miaosha\redis\redismanager\RedisUtil.java","2","650","Logger calls should be surrounded by log level guards.","Best Practices","GuardLogStatement"
"47","com.geekq.miaosha.redis.redismanager","C:\MetricsTest\miaosha-master\miaosha-v1\src\main\java\com\geekq\miaosha\redis\redismanager\RedisUtil.java","2","665","Logger calls should be surrounded by log level guards.","Best Practices","GuardLogStatement"
"48","com.geekq.miaosha.redis.redismanager","C:\MetricsTest\miaosha-master\miaosha-v1\src\main\java\com\geekq\miaosha\redis\redismanager\RedisUtil.java","2","680","Logger calls should be surrounded by log level guards.","Best Practices","GuardLogStatement"
"49","com.geekq.miaosha.redis.redismanager","C:\MetricsTest\miaosha-master\miaosha-v1\src\main\java\com\geekq\miaosha\redis\redismanager\RedisUtil.java","2","695","Logger calls should be surrounded by log level guards.","Best Practices","GuardLogStatement"
"50","com.geekq.miaosha.redis.redismanager","C:\MetricsTest\miaosha-master\miaosha-v1\src\main\java\com\geekq\miaosha\redis\redismanager\RedisUtil.java","2","710","Logger calls should be surrounded by log level guards.","Best Practices","GuardLogStatement"
"51","com.geekq.miaosha.redis.redismanager","C:\MetricsTest\miaosha-master\miaosha-v1\src\main\java\com\geekq\miaosha\redis\redismanager\RedisUtil.java","2","725","Logger calls should be surrounded by log level guards.","Best Practices","GuardLogStatement"
"52","com.geekq.miaosha.redis.redismanager","C:\MetricsTest\miaosha-master\miaosha-v1\src\main\java\com\geekq\miaosha\redis\redismanager\RedisUtil.java","2","740","Logger calls should be surrounded by log level guards.","Best Practices","GuardLogStatement"
"53","com.geekq.miaosha.redis.redismanager","C:\MetricsTest\miaosha-master\miaosha-v1\src\main\java\com\geekq\miaosha\redis\redismanager\RedisUtil.java","2","755","Logger calls should be surrounded by log level guards.","Best Practices","GuardLogStatement"
"54","com.geekq.miaosha.redis.redismanager","C:\MetricsTest\miaosha-master\miaosha-v1\src\main\java\com\geekq\miaosha\redis\redismanager\RedisUtil.java","2","770","Logger calls should be surrounded by log level guards.","Best Practices","GuardLogStatement"
"55","com.geekq.miaosha.redis.redismanager","C:\MetricsTest\miaosha-master\miaosha-v1\src\main\java\com\geekq\miaosha\redis\redismanager\RedisUtil.java","2","785","Logger calls should be surrounded by log level guards.","Best Practices","GuardLogStatement"
"56","com.geekq.miaosha.redis.redismanager","C:\MetricsTest\miaosha-master\miaosha-v1\src\main\java\com\geekq\miaosha\redis\redismanager\RedisUtil.java","2","800","Logger calls should be surrounded by log level guards.","Best Practices","GuardLogStatement"
"57","com.geekq.miaosha.redis.redismanager","C:\MetricsTest\miaosha-master\miaosha-v1\src\main\java\com\geekq\miaosha\redis\redismanager\RedisUtil.java","2","815","Logger calls should be surrounded by log level guards.","Best Practices","GuardLogStatement"
"58","com.geekq.miaosha.redis.redismanager","C:\MetricsTest\miaosha-master\miaosha-v1\src\main\java\com\geekq\miaosha\redis\redismanager\RedisUtil.java","2","830","Logger calls should be surrounded by log level guards.","Best Practices","GuardLogStatement"
"59","com.geekq.miaosha.redis.redismanager","C:\MetricsTest\miaosha-master\miaosha-v1\src\main\java\com\geekq\miaosha\redis\redismanager\RedisUtil.java","2","845","Logger calls should be surrounded by log level guards.","Best Practices","GuardLogStatement"
"60","com.geekq.miaosha.redis.redismanager","C:\MetricsTest\miaosha-master\miaosha-v1\src\main\java\com\geekq\miaosha\redis\redismanager\RedisUtil.java","2","860","Logger calls should be surrounded by log level guards.","Best Practices","GuardLogStatement"
"61","com.geekq.miaosha.redis.redismanager","C:\MetricsTest\miaosha-master\miaosha-v1\src\main\java\com\geekq\miaosha\redis\redismanager\RedisUtil.java","2","875","Logger calls should be surrounded by log level guards.","Best Practices","GuardLogStatement"
"62","com.geekq.miaosha.redis.redismanager","C:\MetricsTest\miaosha-master\miaosha-v1\src\main\java\com\geekq\miaosha\redis\redismanager\RedisUtil.java","2","890","Logger calls should be surrounded by log level guards.","Best Practices","GuardLogStatement"
"63","com.geekq.miaosha.redis.redismanager","C:\MetricsTest\miaosha-master\miaosha-v1\src\main\java\com\geekq\miaosha\redis\redismanager\RedisUtil.java","2","905","Logger calls should be surrounded by log level guards.","Best Practices","GuardLogStatement"
"64","com.geekq.miaosha.redis.redismanager","C:\MetricsTest\miaosha-master\miaosha-v1\src\main\java\com\geekq\miaosha\redis\redismanager\RedisUtil.java","2","920","Logger calls should be surrounded by log level guards.","Best Practices","GuardLogStatement"
"65","com.geekq.miaosha.redis.redismanager","C:\MetricsTest\miaosha-master\miaosha-v1\src\main\java\com\geekq\miaosha\redis\redismanager\RedisUtil.java","2","935","Logger calls should be surrounded by log level guards.","Best Practices","GuardLogStatement"
"66","com.geekq.miaosha.redis.redismanager","C:\MetricsTest\miaosha-master\miaosha-v1\src\main\java\com\geekq\miaosha\redis\redismanager\RedisUtil.java","2","950","Logger calls should be surrounded by log level guards.","Best Practices","GuardLogStatement"
"67","com.geekq.miaosha.redis.redismanager","C:\MetricsTest\miaosha-master\miaosha-v1\src\main\java\com\geekq\miaosha\redis\redismanager\RedisUtil.java","2","965","Logger calls should be surrounded by log level guards.","Best Practices","GuardLogStatement"
"68","com.geekq.miaosha.redis.redismanager","C:\MetricsTest\miaosha-master\miaosha-v1\src\main\java\com\geekq\miaosha\redis\redismanager\RedisUtil.java","2","980","Logger calls should be surrounded by log level guards.","Best Practices","GuardLogStatement"
"69","com.geekq.miaosha.redis.redismanager","C:\MetricsTest\miaosha-master\miaosha-v1\src\main\java\com\geekq\miaosha\redis\redismanager\RedisUtil.java","2","995","Logger calls should be surrounded by log level guards.","Best Practices","GuardLogStatement"
"70","com.geekq.miaosha.redis.redismanager","C:\MetricsTest\miaosha-master\miaosha-v1\src\main\java\com\geekq\miaosha\redis\redismanager\RedisUtil.java","2","1010","Logger calls should be surrounded by log level guards.","Best Practices","GuardLogStatement"
"71","com.geekq.miaosha.redis.redismanager","C:\MetricsTest\miaosha-master\miaosha-v1\src\main\java\com\geekq\miaosha\redis\redismanager\RedisUtil.java","2","1025","Logger calls should be surrounded by log level guards.","Best Practices","GuardLogStatement"
"72","com.geekq.miaosha.redis.redismanager","C:\MetricsTest\miaosha-master\miaosha-v1\src\main\java\com\geekq\miaosha\redis\redismanager\RedisUtil.java","2","1040","Logger calls should be surrounded by log level guards.","Best Practices","GuardLogStatement"
"73","com.geekq.miaosha.redis.redismanager","C:\MetricsTest\miaosha-master\miaosha-v1\src\main\java\com\geekq\miaosha\redis\redismanager\RedisUtil.java","2","1055","Logger calls should be surrounded by log level guards.","Best Practices","GuardLogStatement"
"74","com.geekq.miaosha.redis.redismanager","C:\MetricsTest\miaosha-master\miaosha-v1\src\main\java\com\geekq\miaosha\redis\redismanager\RedisUtil.java","2","1070","Logger calls should be surrounded by log level guards.","Best Practices","GuardLogStatement"
"75","com.geekq.miaosha.redis.redismanager","C:\MetricsTest\miaosha-master\miaosha-v1\src\main\java\com\geekq\miaosha\redis\redismanager\RedisUtil.java","2","1085","Logger calls should be surrounded by log level guards.","Best Practices","GuardLogStatement"
"76","com.geekq.miaosha.redis.redismanager","C:\MetricsTest\miaosha-master\miaosha-v1\src\main\java\com\geekq\miaosha\redis\redismanager\RedisUtil.java","2","1100","Logger calls should be surrounded by log level guards.","Best Practices","GuardLogStatement"
"1","com.geekq.miaosha.service","C:\MetricsTest\miaosha-master\miaosha-v1\src\main\java\com\geekq\miaosha\service\MiaoShaUserService.java","1","91","The local variable name 'DBPassWord' doesn't match '[a-z][a-zA-Z0-9]*'","Code Style","LocalVariableNamingConventions"
"1","com.geekq.miaosha.service","C:\MetricsTest\miaosha-master\miaosha-v1\src\main\java\com\geekq\miaosha\service\MiaoshaService.java","3","201","Consider simply returning the value vs storing it in local variable 'exp'","Code Style","UnnecessaryLocalBeforeReturn"
"1","com.geekq.miaosha.service.rpchander","C:\MetricsTest\miaosha-master\miaosha-v1\src\main\java\com\geekq\miaosha\service\rpchander\RpcCompensateService.java","3","36","Avoid unused local variables such as 'orderId'.","Best Practices","UnusedLocalVariable"
"1","com.geekq.miaosha.service.rpchander.vo","C:\MetricsTest\miaosha-master\miaosha-v1\src\main\java\com\geekq\miaosha\service\rpchander\vo\HandlerParam.java","3","5","Avoid unused private fields such as 'realCount'.","Best Practices","UnusedPrivateField"
"2","com.geekq.miaosha.service.rpchander.vo","C:\MetricsTest\miaosha-master\miaosha-v1\src\main\java\com\geekq\miaosha\service\rpchander\vo\HandlerParam.java","3","6","Avoid unused private fields such as 'planOrder'.","Best Practices","UnusedPrivateField"
"3","com.geekq.miaosha.service.rpchander.vo","C:\MetricsTest\miaosha-master\miaosha-v1\src\main\java\com\geekq\miaosha\service\rpchander\vo\HandlerParam.java","3","7","Avoid unused private fields such as 'planStep'.","Best Practices","UnusedPrivateField"
"1","com.geekq.miaosha.timeTask","C:\MetricsTest\miaosha-master\miaosha-v1\src\main\java\com\geekq\miaosha\timeTask\OrderCloseTask.java","3","1","Package name contains upper case characters","Code Style","PackageCase"
"2","com.geekq.miaosha.timeTask","C:\MetricsTest\miaosha-master\miaosha-v1\src\main\java\com\geekq\miaosha\timeTask\OrderCloseTask.java","3","29","Avoid unused private methods such as 'closeOrderTaskv1()'.","Best Practices","UnusedPrivateMethod"
"3","com.geekq.miaosha.timeTask","C:\MetricsTest\miaosha-master\miaosha-v1\src\main\java\com\geekq\miaosha\timeTask\OrderCloseTask.java","2","100","Logger calls should be surrounded by log level guards.","Best Practices","GuardLogStatement"
"1","com.geekq.miaosha.utils","C:\MetricsTest\miaosha-master\miaosha-v1\src\main\java\com\geekq\miaosha\utils\DBUtil.java","3","8","This utility class has a non-private constructor","Design","UseUtilityClass"
"1","com.geekq.miaosha.utils","C:\MetricsTest\miaosha-master\miaosha-v1\src\main\java\com\geekq\miaosha\utils\DateTimeUtils.java","3","13","This utility class has a non-private constructor","Design","UseUtilityClass"
"1","com.geekq.miaosha.utils","C:\MetricsTest\miaosha-master\miaosha-v1\src\main\java\com\geekq\miaosha\utils\MD5Util.java","3","5","This utility class has a non-private constructor","Design","UseUtilityClass"
"2","com.geekq.miaosha.utils","C:\MetricsTest\miaosha-master\miaosha-v1\src\main\java\com\geekq\miaosha\utils\MD5Util.java","3","26","Consider simply returning the value vs storing it in local variable 'dbPass'","Code Style","UnnecessaryLocalBeforeReturn"
"1","com.geekq.miaosha.utils","C:\MetricsTest\miaosha-master\miaosha-v1\src\main\java\com\geekq\miaosha\utils\MD5Utils.java","3","5","This utility class has a non-private constructor","Design","UseUtilityClass"
"2","com.geekq.miaosha.utils","C:\MetricsTest\miaosha-master\miaosha-v1\src\main\java\com\geekq\miaosha\utils\MD5Utils.java","3","37","Consider simply returning the value vs storing it in local variable 'dbPass'","Code Style","UnnecessaryLocalBeforeReturn"
"1","com.geekq.miaosha.utils","C:\MetricsTest\miaosha-master\miaosha-v1\src\main\java\com\geekq\miaosha\utils\UUIDUtil.java","3","5","This utility class has a non-private constructor","Design","UseUtilityClass"
"1","com.geekq.miaosha.utils","C:\MetricsTest\miaosha-master\miaosha-v1\src\main\java\com\geekq\miaosha\utils\UserUtil.java","3","15","This utility class has a non-private constructor","Design","UseUtilityClass"
"2","com.geekq.miaosha.utils","C:\MetricsTest\miaosha-master\miaosha-v1\src\main\java\com\geekq\miaosha\utils\UserUtil.java","3","32","Ensure that resources like this Connection object are closed after use","Error Prone","CloseResource"
"3","com.geekq.miaosha.utils","C:\MetricsTest\miaosha-master\miaosha-v1\src\main\java\com\geekq\miaosha\utils\UserUtil.java","3","34","Ensure that resources like this PreparedStatement object are closed after use","Error Prone","CloseResource"
"4","com.geekq.miaosha.utils","C:\MetricsTest\miaosha-master\miaosha-v1\src\main\java\com\geekq\miaosha\utils\UserUtil.java","3","35","This for loop can be replaced by a foreach loop","Best Practices","ForLoopCanBeForeach"
"5","com.geekq.miaosha.utils","C:\MetricsTest\miaosha-master\miaosha-v1\src\main\java\com\geekq\miaosha\utils\UserUtil.java","3","55","Ensure that resources like this RandomAccessFile object are closed after use","Error Prone","CloseResource"
"6","com.geekq.miaosha.utils","C:\MetricsTest\miaosha-master\miaosha-v1\src\main\java\com\geekq\miaosha\utils\UserUtil.java","3","58","This for loop can be replaced by a foreach loop","Best Practices","ForLoopCanBeForeach"
"7","com.geekq.miaosha.utils","C:\MetricsTest\miaosha-master\miaosha-v1\src\main\java\com\geekq\miaosha\utils\UserUtil.java","3","64","Ensure that resources like this OutputStream object are closed after use","Error Prone","CloseResource"
"8","com.geekq.miaosha.utils","C:\MetricsTest\miaosha-master\miaosha-v1\src\main\java\com\geekq\miaosha\utils\UserUtil.java","3","68","Ensure that resources like this InputStream object are closed after use","Error Prone","CloseResource"
"1","com.geekq.miaosha.utils","C:\MetricsTest\miaosha-master\miaosha-v1\src\main\java\com\geekq\miaosha\utils\ValidatorUtil.java","3","8","This utility class has a non-private constructor","Design","UseUtilityClass"
"1","com.geekq.miaosha.validator","C:\MetricsTest\miaosha-master\miaosha-v1\src\main\java\com\geekq\miaosha\validator\MobileValidator.java","3","23","This if statement can be replaced by `return {condition} || {elseBranch};`","Design","SimplifyBooleanReturns"
"1","com.geekq.miasha.entity","C:\MetricsTest\miaosha-master\miaosha-v2\miaosha-common\src\main\java\com\geekq\miasha\entity\IpLog.java","4","39","Unnecessary qualifier 'IpLog': 'LOGINSTATE_FAILD' is already in scope because it is declared in an enclosing type","Code Style","UnnecessaryFullyQualifiedName"
"1","com.geekq.miasha.enums","C:\MetricsTest\miaosha-master\miaosha-v2\miaosha-common\src\main\java\com\geekq\miasha\enums\Constanst.java","1","9","The enum name 'orderStaus' doesn't match '[A-Z][a-zA-Z0-9]*'","Code Style","ClassNamingConventions"
"1","com.geekq.miasha.enums","C:\MetricsTest\miaosha-master\miaosha-v2\miaosha-common\src\main\java\com\geekq\miasha\enums\MessageStatus.java","1","10","The enum name 'messageType' doesn't match '[A-Z][a-zA-Z0-9]*'","Code Style","ClassNamingConventions"
"2","com.geekq.miasha.enums","C:\MetricsTest\miaosha-master\miaosha-v2\miaosha-common\src\main\java\com\geekq\miasha\enums\MessageStatus.java","3","16","Unnecessary modifier 'private' on constructor 'messageType(String)': enum constructors are implicitly private","Code Style","UnnecessaryModifier"
"3","com.geekq.miasha.enums","C:\MetricsTest\miaosha-master\miaosha-v2\miaosha-common\src\main\java\com\geekq\miasha\enums\MessageStatus.java","3","36","Unnecessary modifier 'private' on constructor 'ContentEnum(int, String)': enum constructors are implicitly private","Code Style","UnnecessaryModifier"
"4","com.geekq.miasha.enums","C:\MetricsTest\miaosha-master\miaosha-v2\miaosha-common\src\main\java\com\geekq\miasha\enums\MessageStatus.java","1","53","The enum name 'sendType' doesn't match '[A-Z][a-zA-Z0-9]*'","Code Style","ClassNamingConventions"
"1","com.geekq.miasha.enums","C:\MetricsTest\miaosha-master\miaosha-v2\miaosha-common\src\main\java\com\geekq\miasha\enums\OrderStatusEnum.java","4","24","Unnecessary qualifier 'OrderStatusEnum': 'values' is already in scope","Code Style","UnnecessaryFullyQualifiedName"
"1","com.geekq.miasha.enums.enums","C:\MetricsTest\miaosha-master\miaosha-v2\miaosha-common\src\main\java\com\geekq\miasha\enums\enums\MessageStatus.java","1","10","The enum name 'messageType' doesn't match '[A-Z][a-zA-Z0-9]*'","Code Style","ClassNamingConventions"
"2","com.geekq.miasha.enums.enums","C:\MetricsTest\miaosha-master\miaosha-v2\miaosha-common\src\main\java\com\geekq\miasha\enums\enums\MessageStatus.java","3","16","Unnecessary modifier 'private' on constructor 'messageType(String)': enum constructors are implicitly private","Code Style","UnnecessaryModifier"
"3","com.geekq.miasha.enums.enums","C:\MetricsTest\miaosha-master\miaosha-v2\miaosha-common\src\main\java\com\geekq\miasha\enums\enums\MessageStatus.java","3","36","Unnecessary modifier 'private' on constructor 'ContentEnum(int, String)': enum constructors are implicitly private","Code Style","UnnecessaryModifier"
"4","com.geekq.miasha.enums.enums","C:\MetricsTest\miaosha-master\miaosha-v2\miaosha-common\src\main\java\com\geekq\miasha\enums\enums\MessageStatus.java","1","53","The enum name 'sendType' doesn't match '[A-Z][a-zA-Z0-9]*'","Code Style","ClassNamingConventions"
"1","com.geekq.miasha.enums.enums","C:\MetricsTest\miaosha-master\miaosha-v2\miaosha-common\src\main\java\com\geekq\miasha\enums\enums\ResultStatus.java","3","68","Unnecessary modifier 'private' on constructor 'ResultStatus(int, String)': enum constructors are implicitly private","Code Style","UnnecessaryModifier"
"2","com.geekq.miasha.enums.enums","C:\MetricsTest\miaosha-master\miaosha-v2\miaosha-common\src\main\java\com\geekq\miasha\enums\enums\ResultStatus.java","3","73","Unnecessary modifier 'private' on constructor 'ResultStatus(Object[])': enum constructors are implicitly private","Code Style","UnnecessaryModifier"
"3","com.geekq.miasha.enums.enums","C:\MetricsTest\miaosha-master\miaosha-v2\miaosha-common\src\main\java\com\geekq\miasha\enums\enums\ResultStatus.java","3","101","The method 'toString()' is missing an @Override annotation.","Best Practices","MissingOverride"
"1","com.geekq.miasha.enums.resultbean","C:\MetricsTest\miaosha-master\miaosha-v2\miaosha-common\src\main\java\com\geekq\miasha\enums\resultbean\AbstractResult.java","3","11","Document empty constructor","Documentation","UncommentedEmptyConstructor"
"1","com.geekq.miasha.enums.resultbean","C:\MetricsTest\miaosha-master\miaosha-v2\miaosha-common\src\main\java\com\geekq\miasha\enums\resultbean\ResultGeekQ.java","3","13","Document empty constructor","Documentation","UncommentedEmptyConstructor"
"1","com.geekq.miasha.utils","C:\MetricsTest\miaosha-master\miaosha-v2\miaosha-common\src\main\java\com\geekq\miasha\utils\DateTimeUtils.java","3","13","This utility class has a non-private constructor","Design","UseUtilityClass"
"2","com.geekq.miasha.utils","C:\MetricsTest\miaosha-master\miaosha-v2\miaosha-common\src\main\java\com\geekq\miasha\utils\DateTimeUtils.java","4","52","Unnecessary qualifier 'DateTimeUtils': 'dateToStr' is already in scope","Code Style","UnnecessaryFullyQualifiedName"
"3","com.geekq.miasha.utils","C:\MetricsTest\miaosha-master\miaosha-v2\miaosha-common\src\main\java\com\geekq\miasha\utils\DateTimeUtils.java","4","53","Unnecessary qualifier 'DateTimeUtils': 'strToDate' is already in scope","Code Style","UnnecessaryFullyQualifiedName"
"1","com.geekq.miasha.utils","C:\MetricsTest\miaosha-master\miaosha-v2\miaosha-common\src\main\java\com\geekq\miasha\utils\MD5Utils.java","3","10","This utility class has a non-private constructor","Design","UseUtilityClass"
"2","com.geekq.miasha.utils","C:\MetricsTest\miaosha-master\miaosha-v2\miaosha-common\src\main\java\com\geekq\miasha\utils\MD5Utils.java","3","22","Consider simply returning the value vs storing it in local variable 'salt'","Code Style","UnnecessaryLocalBeforeReturn"
"3","com.geekq.miasha.utils","C:\MetricsTest\miaosha-master\miaosha-v2\miaosha-common\src\main\java\com\geekq\miasha\utils\MD5Utils.java","1","26","The static method name 'MD5' doesn't match '[a-z][a-zA-Z0-9]*'","Code Style","MethodNamingConventions"
"1","com.geekq.miasha.utils","C:\MetricsTest\miaosha-master\miaosha-v2\miaosha-common\src\main\java\com\geekq\miasha\utils\SnowflakeIdWorker.java","3","21","This final field could be made static","Design","FinalFieldCouldBeStatic"
"2","com.geekq.miasha.utils","C:\MetricsTest\miaosha-master\miaosha-v2\miaosha-common\src\main\java\com\geekq\miasha\utils\SnowflakeIdWorker.java","3","26","This final field could be made static","Design","FinalFieldCouldBeStatic"
"3","com.geekq.miasha.utils","C:\MetricsTest\miaosha-master\miaosha-v2\miaosha-common\src\main\java\com\geekq\miasha\utils\SnowflakeIdWorker.java","3","31","This final field could be made static","Design","FinalFieldCouldBeStatic"
"4","com.geekq.miasha.utils","C:\MetricsTest\miaosha-master\miaosha-v2\miaosha-common\src\main\java\com\geekq\miasha\utils\SnowflakeIdWorker.java","3","46","This final field could be made static","Design","FinalFieldCouldBeStatic"
"1","com.geekq.miasha.utils","C:\MetricsTest\miaosha-master\miaosha-v2\miaosha-common\src\main\java\com\geekq\miasha\utils\UUIDUtil.java","3","5","This utility class has a non-private constructor","Design","UseUtilityClass"
"1","com.geekq.miasha.utils","C:\MetricsTest\miaosha-master\miaosha-v2\miaosha-common\src\main\java\com\geekq\miasha\utils\UserContext.java","3","6","This utility class has a non-private constructor","Design","UseUtilityClass"
"1","com.geekq.miasha.utils","C:\MetricsTest\miaosha-master\miaosha-v2\miaosha-common\src\main\java\com\geekq\miasha\utils\UserContext2.java","3","14","This utility class has a non-private constructor","Design","UseUtilityClass"
"1","com.geekq.miasha.utils","C:\MetricsTest\miaosha-master\miaosha-v2\miaosha-common\src\main\java\com\geekq\miasha\utils\ValidatorUtil.java","3","9","This utility class has a non-private constructor","Design","UseUtilityClass"
"1","com.geekq.miasha.validator","C:\MetricsTest\miaosha-master\miaosha-v2\miaosha-common\src\main\java\com\geekq\miasha\validator\MobileValidator.java","3","23","This if statement can be replaced by `return {condition} || {elseBranch};`","Design","SimplifyBooleanReturns"
"1","com.geekq.miaosha.mapper","C:\MetricsTest\miaosha-master\miaosha-v2\miaosha-service\src\main\java\com\geekq\miaosha\mapper\GoodsMapper.java","3","14","Unnecessary modifier 'public' on method 'listGoodsVo': the method is declared in an interface type","Code Style","UnnecessaryModifier"
"2","com.geekq.miaosha.mapper","C:\MetricsTest\miaosha-master\miaosha-v2\miaosha-service\src\main\java\com\geekq\miaosha\mapper\GoodsMapper.java","3","16","Unnecessary modifier 'public' on method 'getGoodsVoByGoodsId': the method is declared in an interface type","Code Style","UnnecessaryModifier"
"3","com.geekq.miaosha.mapper","C:\MetricsTest\miaosha-master\miaosha-v2\miaosha-service\src\main\java\com\geekq\miaosha\mapper\GoodsMapper.java","3","18","Unnecessary modifier 'public' on method 'reduceStock': the method is declared in an interface type","Code Style","UnnecessaryModifier"
"1","com.geekq.miaosha.mapper","C:\MetricsTest\miaosha-master\miaosha-v2\miaosha-service\src\main\java\com\geekq\miaosha\mapper\MiaoShaUserMapper.java","3","11","Unnecessary modifier 'public' on method 'getByNickname': the method is declared in an interface type","Code Style","UnnecessaryModifier"
"2","com.geekq.miaosha.mapper","C:\MetricsTest\miaosha-master\miaosha-v2\miaosha-service\src\main\java\com\geekq\miaosha\mapper\MiaoShaUserMapper.java","3","13","Unnecessary modifier 'public' on method 'getById': the method is declared in an interface type","Code Style","UnnecessaryModifier"
"3","com.geekq.miaosha.mapper","C:\MetricsTest\miaosha-master\miaosha-v2\miaosha-service\src\main\java\com\geekq\miaosha\mapper\MiaoShaUserMapper.java","3","15","Unnecessary modifier 'public' on method 'update': the method is declared in an interface type","Code Style","UnnecessaryModifier"
"4","com.geekq.miaosha.mapper","C:\MetricsTest\miaosha-master\miaosha-v2\miaosha-service\src\main\java\com\geekq\miaosha\mapper\MiaoShaUserMapper.java","3","17","Unnecessary modifier 'public' on method 'insertMiaoShaUser': the method is declared in an interface type","Code Style","UnnecessaryModifier"
"5","com.geekq.miaosha.mapper","C:\MetricsTest\miaosha-master\miaosha-v2\miaosha-service\src\main\java\com\geekq\miaosha\mapper\MiaoShaUserMapper.java","3","19","Unnecessary modifier 'public' on method 'getCountByUserName': the method is declared in an interface type","Code Style","UnnecessaryModifier"
"1","com.geekq.miaosha.mapper","C:\MetricsTest\miaosha-master\miaosha-v2\miaosha-service\src\main\java\com\geekq\miaosha\mapper\OrderMapper.java","3","14","Unnecessary modifier 'public' on method 'getMiaoshaOrderByUserIdGoodsId': the method is declared in an interface type","Code Style","UnnecessaryModifier"
"2","com.geekq.miaosha.mapper","C:\MetricsTest\miaosha-master\miaosha-v2\miaosha-service\src\main\java\com\geekq\miaosha\mapper\OrderMapper.java","3","16","Unnecessary modifier 'public' on method 'insert': the method is declared in an interface type","Code Style","UnnecessaryModifier"
"3","com.geekq.miaosha.mapper","C:\MetricsTest\miaosha-master\miaosha-v2\miaosha-service\src\main\java\com\geekq\miaosha\mapper\OrderMapper.java","3","18","Unnecessary modifier 'public' on method 'insertMiaoshaOrder': the method is declared in an interface type","Code Style","UnnecessaryModifier"
"4","com.geekq.miaosha.mapper","C:\MetricsTest\miaosha-master\miaosha-v2\miaosha-service\src\main\java\com\geekq\miaosha\mapper\OrderMapper.java","3","20","Unnecessary modifier 'public' on method 'getOrderById': the method is declared in an interface type","Code Style","UnnecessaryModifier"
"5","com.geekq.miaosha.mapper","C:\MetricsTest\miaosha-master\miaosha-v2\miaosha-service\src\main\java\com\geekq\miaosha\mapper\OrderMapper.java","3","22","Unnecessary modifier 'public' on method 'selectOrderStatusByCreateTime': the method is declared in an interface type","Code Style","UnnecessaryModifier"
"6","com.geekq.miaosha.mapper","C:\MetricsTest\miaosha-master\miaosha-v2\miaosha-service\src\main\java\com\geekq\miaosha\mapper\OrderMapper.java","3","24","Unnecessary modifier 'public' on method 'closeOrderByOrderInfo': the method is declared in an interface type","Code Style","UnnecessaryModifier"
"1","com.geekq.miaosha.rabbitmq","C:\MetricsTest\miaosha-master\miaosha-v2\miaosha-service\src\main\java\com\geekq\miaosha\rabbitmq\MQConfig.java","4","3","Unused import 'org.springframework.amqp.core.*'","Code Style","UnnecessaryImport"
"2","com.geekq.miaosha.rabbitmq","C:\MetricsTest\miaosha-master\miaosha-v2\miaosha-service\src\main\java\com\geekq\miaosha\rabbitmq\MQConfig.java","1","78","The instance method name 'FanoutBinding1' doesn't match '[a-z][a-zA-Z0-9]*'","Code Style","MethodNamingConventions"
"3","com.geekq.miaosha.rabbitmq","C:\MetricsTest\miaosha-master\miaosha-v2\miaosha-service\src\main\java\com\geekq\miaosha\rabbitmq\MQConfig.java","1","83","The instance method name 'FanoutBinding2' doesn't match '[a-z][a-zA-Z0-9]*'","Code Style","MethodNamingConventions"
"1","com.geekq.miaosha.rabbitmq","C:\MetricsTest\miaosha-master\miaosha-v2\miaosha-service\src\main\java\com\geekq\miaosha\rabbitmq\MQReceiver.java","2","45","Logger calls should be surrounded by log level guards.","Best Practices","GuardLogStatement"
"1","com.geekq.miaosha.rabbitmq","C:\MetricsTest\miaosha-master\miaosha-v2\miaosha-service\src\main\java\com\geekq\miaosha\rabbitmq\MQSender.java","2","25","Logger calls should be surrounded by log level guards.","Best Practices","GuardLogStatement"
"1","com.geekq.miaosha.redis","C:\MetricsTest\miaosha-master\miaosha-v2\miaosha-service\src\main\java\com\geekq\miaosha\redis\GoodsKey.java","1","3","This class has only private constructors and may be final","Design","ClassWithOnlyPrivateConstructorsShouldBeFinal"
"1","com.geekq.miaosha.redis","C:\MetricsTest\miaosha-master\miaosha-v2\miaosha-service\src\main\java\com\geekq\miaosha\redis\KeyPrefix.java","3","5","Unnecessary modifier 'public' on method 'expireSeconds': the method is declared in an interface type","Code Style","UnnecessaryModifier"
"2","com.geekq.miaosha.redis","C:\MetricsTest\miaosha-master\miaosha-v2\miaosha-service\src\main\java\com\geekq\miaosha\redis\KeyPrefix.java","3","7","Unnecessary modifier 'public' on method 'getPrefix': the method is declared in an interface type","Code Style","UnnecessaryModifier"
"1","com.geekq.miaosha.redis","C:\MetricsTest\miaosha-master\miaosha-v2\miaosha-service\src\main\java\com\geekq\miaosha\redis\MiaoshaKey.java","1","3","This class has only private constructors and may be final","Design","ClassWithOnlyPrivateConstructorsShouldBeFinal"
"1","com.geekq.miaosha.redis","C:\MetricsTest\miaosha-master\miaosha-v2\miaosha-service\src\main\java\com\geekq\miaosha\redis\RedisPoolFactory.java","1","16","The instance method name 'JedisPoolFactory' doesn't match '[a-z][a-zA-Z0-9]*'","Code Style","MethodNamingConventions"
"2","com.geekq.miaosha.redis","C:\MetricsTest\miaosha-master\miaosha-v2\miaosha-service\src\main\java\com\geekq\miaosha\redis\RedisPoolFactory.java","3","21","Consider simply returning the value vs storing it in local variable 'jp'","Code Style","UnnecessaryLocalBeforeReturn"
"1","com.geekq.miaosha.redis","C:\MetricsTest\miaosha-master\miaosha-v2\miaosha-service\src\main\java\com\geekq\miaosha\redis\RedisService.java","3","109","Consider simply returning the value vs storing it in local variable 't'","Code Style","UnnecessaryLocalBeforeReturn"
"2","com.geekq.miaosha.redis","C:\MetricsTest\miaosha-master\miaosha-v2\miaosha-service\src\main\java\com\geekq\miaosha\redis\RedisService.java","3","252","Substitute calls to size() == 0 (or size() != 0, size() > 0, size() < 1) with calls to isEmpty()","Best Practices","UseCollectionIsEmpty"
"3","com.geekq.miaosha.redis","C:\MetricsTest\miaosha-master\miaosha-v2\miaosha-service\src\main\java\com\geekq\miaosha\redis\RedisService.java","3","282","Substitute calls to size() == 0 (or size() != 0, size() > 0, size() < 1) with calls to isEmpty()","Best Practices","UseCollectionIsEmpty"
"4","com.geekq.miaosha.redis","C:\MetricsTest\miaosha-master\miaosha-v2\miaosha-service\src\main\java\com\geekq\miaosha\redis\RedisService.java","3","287","Position literals first in String comparisons","Best Practices","LiteralsFirstInComparisons"
"1","com.geekq.miaosha.redis","C:\MetricsTest\miaosha-master\miaosha-v2\miaosha-service\src\main\java\com\geekq\miaosha\redis\RedissLockUtil.java","3","8","This utility class has a non-private constructor","Design","UseUtilityClass"
"1","com.geekq.miaosha.redis","C:\MetricsTest\miaosha-master\miaosha-v2\miaosha-service\src\main\java\com\geekq\miaosha\redis\Userkey.java","1","3","This class has only private constructors and may be final","Design","ClassWithOnlyPrivateConstructorsShouldBeFinal"
"1","com.geekq.miaosha.redis.redismanager","C:\MetricsTest\miaosha-master\miaosha-v2\miaosha-service\src\main\java\com\geekq\miaosha\redis\redismanager\RedisLimitRateWithLUA.java","4","9","Unused import 'java.util.concurrent.CountDownLatch'","Code Style","UnnecessaryImport"
"2","com.geekq.miaosha.redis.redismanager","C:\MetricsTest\miaosha-master\miaosha-v2\miaosha-service\src\main\java\com\geekq\miaosha\redis\redismanager\RedisLimitRateWithLUA.java","3","11","This utility class has a non-private constructor","Design","UseUtilityClass"
"3","com.geekq.miaosha.redis.redismanager","C:\MetricsTest\miaosha-master\miaosha-v2\miaosha-service\src\main\java\com\geekq\miaosha\redis\redismanager\RedisLimitRateWithLUA.java","3","14","Do not hard code the IP address ${variableName}","Best Practices","AvoidUsingHardCodedIP"
"1","com.geekq.miaosha.redis.redismanager","C:\MetricsTest\miaosha-master\miaosha-v2\miaosha-service\src\main\java\com\geekq\miaosha\redis\redismanager\RedisLua.java","3","13","This utility class has a non-private constructor","Design","UseUtilityClass"
"2","com.geekq.miaosha.redis.redismanager","C:\MetricsTest\miaosha-master\miaosha-v2\miaosha-service\src\main\java\com\geekq\miaosha\redis\redismanager\RedisLua.java","3","79","Avoid unused local variables such as 'object'.","Best Practices","UnusedLocalVariable"
"1","com.geekq.miaosha.redis.redismanager","C:\MetricsTest\miaosha-master\miaosha-v2\miaosha-service\src\main\java\com\geekq\miaosha\redis\redismanager\RedisManager.java","3","7","This utility class has a non-private constructor","Design","UseUtilityClass"
"2","com.geekq.miaosha.redis.redismanager","C:\MetricsTest\miaosha-master\miaosha-v2\miaosha-service\src\main\java\com\geekq\miaosha\redis\redismanager\RedisManager.java","3","15","Do not hard code the IP address ${variableName}","Best Practices","AvoidUsingHardCodedIP"
"1","com.geekq.miaosha.service","C:\MetricsTest\miaosha-master\miaosha-v2\miaosha-service\src\main\java\com\geekq\miaosha\service\LoginInfoService.java","3","8","Unnecessary modifier 'public' on method 'checkName': the method is declared in an interface type","Code Style","UnnecessaryModifier"
"1","com.geekq.miaosha.service","C:\MetricsTest\miaosha-master\miaosha-v2\miaosha-service\src\main\java\com\geekq\miaosha\service\MiaoShaUserService.java","1","104","The local variable name 'DBPassWord' doesn't match '[a-z][a-zA-Z0-9]*'","Code Style","LocalVariableNamingConventions"
"2","com.geekq.miaosha.service","C:\MetricsTest\miaosha-master\miaosha-v2\miaosha-service\src\main\java\com\geekq\miaosha\service\MiaoShaUserService.java","3","111","Avoid unused local variables such as 'log'.","Best Practices","UnusedLocalVariable"
"1","com.geekq.miaosha.service","C:\MetricsTest\miaosha-master\miaosha-v2\miaosha-service\src\main\java\com\geekq\miaosha\service\MiaoshaService.java","3","206","Consider simply returning the value vs storing it in local variable 'exp'","Code Style","UnnecessaryLocalBeforeReturn"
"1","com.geekq.miaosha","C:\MetricsTest\miaosha-master\miaosha-v2\miaosha-web\src\main\java\com\geekq\miaosha\GeekQMainApplication.java","3","8","Avoid the use of value in annotations when its the only element","Code Style","UnnecessaryAnnotationValueElement"
"2","com.geekq.miaosha","C:\MetricsTest\miaosha-master\miaosha-v2\miaosha-web\src\main\java\com\geekq\miaosha\GeekQMainApplication.java","3","11","This utility class has a non-private constructor","Design","UseUtilityClass"
"1","com.geekq.miaosha.controller","C:\MetricsTest\miaosha-master\miaosha-v2\miaosha-web\src\main\java\com\geekq\miaosha\controller\BaseController.java","3","33","Ensure that resources like this OutputStream object are closed after use","Error Prone","CloseResource"
"1","com.geekq.miaosha.controller","C:\MetricsTest\miaosha-master\miaosha-v2\miaosha-web\src\main\java\com\geekq\miaosha\controller\GoodsController.java","3","138","Avoid the use of value in annotations when its the only element","Code Style","UnnecessaryAnnotationValueElement"
"1","com.geekq.miaosha.controller","C:\MetricsTest\miaosha-master\miaosha-v2\miaosha-web\src\main\java\com\geekq\miaosha\controller\LoginController.java","2","37","Logger calls should be surrounded by log level guards.","Best Practices","GuardLogStatement"
"2","com.geekq.miaosha.controller","C:\MetricsTest\miaosha-master\miaosha-v2\miaosha-web\src\main\java\com\geekq\miaosha\controller\LoginController.java","2","51","Logger calls should be surrounded by log level guards.","Best Practices","GuardLogStatement"
"3","com.geekq.miaosha.controller","C:\MetricsTest\miaosha-master\miaosha-v2\miaosha-web\src\main\java\com\geekq\miaosha\controller\LoginController.java","2","60","Logger calls should be surrounded by log level guards.","Best Practices","GuardLogStatement"
"4","com.geekq.miaosha.controller","C:\MetricsTest\miaosha-master\miaosha-v2\miaosha-web\src\main\java\com\geekq\miaosha\controller\LoginController.java","3","61","Consider simply returning the value vs storing it in local variable 'token'","Code Style","UnnecessaryLocalBeforeReturn"
"1","com.geekq.miaosha.controller","C:\MetricsTest\miaosha-master\miaosha-v2\miaosha-web\src\main\java\com\geekq\miaosha\controller\MiaoShaMessageController.java","3","54","Unnecessary semicolon","Code Style","UnnecessarySemicolon"
"1","com.geekq.miaosha.controller","C:\MetricsTest\miaosha-master\miaosha-v2\miaosha-web\src\main\java\com\geekq\miaosha\controller\MiaoshaController.java","4","23","Unused import 'org.springframework.web.bind.annotation.*'","Code Style","UnnecessaryImport"
"2","com.geekq.miaosha.controller","C:\MetricsTest\miaosha-master\miaosha-v2\miaosha-web\src\main\java\com\geekq\miaosha\controller\MiaoshaController.java","3","62","Avoid using implementation types like 'HashMap'; use the interface instead","Best Practices","LooseCoupling"
"3","com.geekq.miaosha.controller","C:\MetricsTest\miaosha-master\miaosha-v2\miaosha-web\src\main\java\com\geekq\miaosha\controller\MiaoshaController.java","3","103","'catch' branch identical to 'IOException' branch","Code Style","IdenticalCatchBranches"
"4","com.geekq.miaosha.controller","C:\MetricsTest\miaosha-master\miaosha-v2\miaosha-web\src\main\java\com\geekq\miaosha\controller\MiaoshaController.java","3","185","Ensure that resources like this OutputStream object are closed after use","Error Prone","CloseResource"
"5","com.geekq.miaosha.controller","C:\MetricsTest\miaosha-master\miaosha-v2\miaosha-web\src\main\java\com\geekq\miaosha\controller\MiaoshaController.java","3","209","Ensure that resources like this OutputStream object are closed after use","Error Prone","CloseResource"
"1","com.geekq.miaosha.interceptor","C:\MetricsTest\miaosha-master\miaosha-v2\miaosha-web\src\main\java\com\geekq\miaosha\interceptor\AccessKey.java","1","5","This class has only private constructors and may be final","Design","ClassWithOnlyPrivateConstructorsShouldBeFinal"
"1","com.geekq.miaosha.interceptor","C:\MetricsTest\miaosha-master\miaosha-v2\miaosha-web\src\main\java\com\geekq\miaosha\interceptor\GlobalExceptionHandler.java","3","30","Avoid the use of value in annotations when its the only element","Code Style","UnnecessaryAnnotationValueElement"
"2","com.geekq.miaosha.interceptor","C:\MetricsTest\miaosha-master\miaosha-v2\miaosha-web\src\main\java\com\geekq\miaosha\interceptor\GlobalExceptionHandler.java","2","44","Logger calls should be surrounded by log level guards.","Best Practices","GuardLogStatement"
"1","com.geekq.miaosha.interceptor","C:\MetricsTest\miaosha-master\miaosha-v2\miaosha-web\src\main\java\com\geekq\miaosha\interceptor\GlobalParamAdvice.java","3","21","Document empty method body","Documentation","UncommentedEmptyMethodBody"
"1","com.geekq.miaosha.interceptor","C:\MetricsTest\miaosha-master\miaosha-v2\miaosha-web\src\main\java\com\geekq\miaosha\interceptor\LoginInterceptor.java","3","73","Empty else statement","Code Style","EmptyControlStatement"
"2","com.geekq.miaosha.interceptor","C:\MetricsTest\miaosha-master\miaosha-v2\miaosha-web\src\main\java\com\geekq\miaosha\interceptor\LoginInterceptor.java","3","98","Ensure that resources like this OutputStream object are closed after use","Error Prone","CloseResource"
